time,open,high,low,close,volume
2018-01-02 07:00:00,16.02,16.34,16.02,16.34,205
2018-01-03 07:00:00,17.32,17.32,14.71,16.83,600
2018-01-05 07:00:00,16.64,16.64,16.64,16.64,100
2018-01-08 07:00:00,16.31,16.31,16.31,16.31,100
2018-01-09 07:00:00,16.28,16.28,16.28,16.28,100
2018-01-10 07:00:00,16.28,16.28,16.28,16.28,100
2018-01-11 07:00:00,15.66,15.66,15.66,15.66,100
2018-01-12 07:00:00,16.34,16.34,14.15,14.15,300
2018-01-15 07:00:00,15.53,15.53,15.53,15.53,100
2018-01-16 07:00:00,16.34,16.34,16.34,16.34,110
2018-01-17 07:00:00,15.66,15.66,15.33,15.33,204
2018-01-18 07:00:00,16.34,16.34,13.86,13.89,1400
2018-01-19 07:00:00,15.04,15.04,15.04,15.04,200
2018-01-22 07:00:00,13.73,15.04,13.56,14.68,700
2018-01-23 07:00:00,13.66,14.94,13.63,14.81,600
2018-01-24 07:00:00,14.77,14.77,14.77,14.77,200
2018-01-25 07:00:00,15.98,15.98,15.98,15.98,700
2018-01-26 07:00:00,14.41,14.41,14.41,14.41,100
2018-01-29 07:00:00,14.64,14.64,14.64,14.64,100
2018-01-30 07:00:00,14.84,15.36,14.84,15.36,300
2018-01-31 07:00:00,15.36,15.69,15.36,15.59,1156
2018-02-02 07:00:00,15.56,15.56,15.56,15.56,300
2018-02-05 07:00:00,15.33,15.33,15.33,15.33,100
2018-02-06 07:00:00,15.33,16.18,15.33,16.18,200
2018-02-07 07:00:00,14.71,15.36,14.71,15.36,500
2018-02-08 07:00:00,16.02,16.02,14.97,14.97,200
2018-02-09 07:00:00,14.71,15.69,14.71,15.69,900
2018-02-12 07:00:00,15.66,15.66,15.66,15.66,100
2018-02-13 07:00:00,14.22,15.69,14.22,15.69,400
2018-02-21 07:00:00,15.49,15.49,15.49,15.49,100
2018-02-22 07:00:00,15.33,15.33,15.33,15.33,100
2018-02-23 07:00:00,15.69,15.69,15.69,15.69,200
2018-02-26 07:00:00,15.49,15.49,15.49,15.49,100
2018-02-27 07:00:00,15.36,17.0,15.36,17.0,1800
2018-02-28 07:00:00,17.65,17.65,16.9,16.9,1700
2018-03-01 07:00:00,15.69,15.69,15.66,15.66,320
2018-03-02 07:00:00,15.66,15.66,15.66,15.66,336
2018-03-05 07:00:00,15.69,15.69,15.0,15.0,200
2018-03-06 07:00:00,15.0,15.0,15.0,15.0,100
2018-03-07 07:00:00,14.87,14.87,14.87,14.87,100
2018-03-08 07:00:00,15.04,15.04,15.04,15.04,200
2018-03-09 07:00:00,16.11,16.11,16.11,16.11,100
2018-03-12 07:00:00,16.02,16.02,16.02,16.02,100
2018-03-13 07:00:00,15.04,15.69,15.04,15.69,300
2018-03-14 07:00:00,15.53,15.53,15.53,15.53,100
2018-03-15 07:00:00,15.85,15.85,15.85,15.85,100
2018-03-19 07:00:00,15.04,15.04,15.04,15.04,100
2018-03-20 07:00:00,14.71,14.71,14.71,14.71,100
2018-03-21 07:00:00,14.38,14.38,14.38,14.38,100
2018-03-22 07:00:00,15.04,15.69,15.04,15.69,2611
2018-03-23 07:00:00,15.36,15.36,15.04,15.04,8500
2018-03-26 07:00:00,15.1,15.1,15.04,15.04,900
2018-03-27 07:00:00,14.71,15.33,14.71,15.33,2300
2018-03-28 07:00:00,15.36,15.36,15.13,15.13,500
2018-03-29 07:00:00,15.2,16.64,15.2,16.34,6200
2018-03-30 07:00:00,17.98,17.98,17.0,17.81,34811
2018-04-02 07:00:00,18.63,18.63,16.9,16.9,3600
2018-04-03 07:00:00,17.16,17.16,16.34,16.38,1300
2018-04-04 07:00:00,16.34,17.0,16.02,16.93,2750
2018-04-05 07:00:00,16.02,16.93,16.02,16.83,1700
2018-04-06 07:00:00,16.9,16.9,16.18,16.8,800
2018-04-09 07:00:00,16.8,16.8,16.73,16.73,400
2018-04-10 07:00:00,15.56,16.7,15.56,16.7,500
2018-04-11 07:00:00,16.02,16.51,15.85,16.51,1300
2018-04-12 07:00:00,15.69,16.34,15.36,16.34,1700
2018-04-13 07:00:00,15.07,16.54,15.04,16.54,2700
2018-04-18 07:00:00,15.36,15.98,15.36,15.98,630
2018-04-19 07:00:00,16.02,16.02,14.77,15.92,1326
2018-04-20 07:00:00,15.95,15.95,14.87,15.85,600
2018-04-23 07:00:00,15.36,15.66,14.48,15.66,900
2018-04-24 07:00:00,15.82,15.82,15.69,15.82,300
2018-04-26 07:00:00,14.61,15.79,14.61,15.79,1200
2018-04-27 07:00:00,15.69,17.32,15.04,17.29,3600
2018-05-02 07:00:00,15.79,16.6,15.62,16.6,1400
2018-05-03 07:00:00,15.36,15.36,15.2,15.2,500
2018-05-04 07:00:00,15.98,15.98,15.1,15.2,900
2018-05-07 07:00:00,15.2,15.82,15.2,15.82,500
2018-05-08 07:00:00,15.04,15.75,15.04,15.75,500
2018-05-09 07:00:00,15.04,15.66,15.04,15.66,300
2018-05-10 07:00:00,15.07,15.62,15.07,15.62,200
2018-05-11 07:00:00,15.04,15.59,15.04,15.59,200
2018-05-14 07:00:00,15.04,15.75,15.04,15.75,560
2018-05-15 07:00:00,15.2,15.62,15.04,15.62,300
2018-05-16 07:00:00,15.59,15.59,15.59,15.59,100
2018-05-17 07:00:00,15.36,15.69,15.36,15.69,200
2018-05-23 07:00:00,14.36,15.52,14.36,15.52,1000
2018-05-25 07:00:00,15.49,15.49,15.49,15.49,206
2018-05-28 07:00:00,15.02,15.29,14.06,15.29,1200
2018-06-18 07:00:00,15.32,15.32,15.32,15.32,200
2018-06-19 07:00:00,15.32,16.49,15.32,15.36,1240
2018-06-20 07:00:00,15.86,15.86,15.86,15.86,100
2018-06-21 07:00:00,16.19,16.19,16.19,16.19,100
2018-06-22 07:00:00,16.69,16.69,16.69,16.69,100
2018-06-29 07:00:00,18.03,18.03,18.03,18.03,110
2018-07-02 07:00:00,18.03,18.03,18.03,18.03,10
2018-07-06 07:00:00,18.03,18.03,18.03,18.03,4
2018-07-10 07:00:00,18.7,18.7,18.7,18.7,100
2018-07-11 07:00:00,18.7,18.7,18.7,18.7,10
2018-07-19 07:00:00,16.83,16.83,16.83,16.83,3000
2018-07-25 07:00:00,16.66,16.66,16.66,16.66,100
2018-07-26 07:00:00,15.36,16.53,15.36,16.19,600
2018-07-27 07:00:00,16.83,16.83,16.83,16.83,100
2018-07-30 07:00:00,15.36,16.83,15.36,16.83,1700
2018-07-31 07:00:00,15.36,15.69,15.36,15.69,700
2018-08-01 07:00:00,15.02,15.62,15.02,15.62,200
2018-08-02 07:00:00,14.22,15.36,14.22,15.36,600
2018-08-06 07:00:00,14.69,15.19,14.69,15.19,500
2018-08-09 07:00:00,14.96,14.96,14.69,14.69,500
2018-08-10 07:00:00,15.49,15.49,14.66,14.66,600
2018-08-13 07:00:00,14.69,15.52,14.69,15.52,700
2018-08-14 07:00:00,14.69,15.36,14.69,15.36,200
2018-08-17 07:00:00,15.02,15.02,15.02,15.02,100
2018-08-20 07:00:00,15.02,15.02,15.02,15.02,1200
2018-08-21 07:00:00,15.02,15.19,15.02,15.06,5300
2018-08-22 07:00:00,15.06,15.06,15.06,15.06,1000
2018-08-23 07:00:00,15.02,15.02,15.02,15.02,1900
2018-08-27 07:00:00,14.99,14.99,14.99,14.99,1000
2018-08-28 07:00:00,16.36,16.36,16.36,16.36,100
2018-08-29 07:00:00,17.86,17.86,15.06,15.99,1700
2018-08-30 07:00:00,16.36,16.36,14.52,14.69,2100
2018-08-31 07:00:00,16.09,16.09,14.69,14.69,3300
2018-09-04 07:00:00,14.69,14.69,14.69,14.69,5800
2018-09-05 07:00:00,13.69,14.69,13.39,14.69,1200
2018-09-06 07:00:00,13.85,14.49,13.35,13.35,4000
2018-09-07 07:00:00,14.36,14.36,12.72,14.29,13500
2018-09-10 07:00:00,15.69,15.69,14.29,15.69,313700
2018-09-11 07:00:00,17.26,17.26,16.36,16.53,100707
2018-09-12 07:00:00,16.69,16.69,15.36,15.56,70400
2018-09-13 07:00:00,15.56,15.69,14.72,15.69,71800
2018-09-14 07:00:00,15.52,15.69,14.96,15.46,52900
2018-09-17 07:00:00,15.46,15.46,15.02,15.32,90500
2018-09-18 07:00:00,15.36,15.36,14.96,15.32,79750
2018-09-19 07:00:00,15.32,15.36,14.89,15.19,102630
2018-09-20 07:00:00,16.69,16.69,14.38,14.74,48720
2018-09-21 07:00:00,15.39,15.39,13.77,14.3,9890
2018-09-24 07:00:00,14.38,14.38,12.88,13.57,72400
2018-09-25 07:00:00,13.45,13.45,12.8,12.88,58400
2018-09-26 07:00:00,12.8,12.8,12.35,12.68,32600
2018-09-27 07:00:00,12.56,12.76,12.56,12.76,16517
2018-09-28 07:00:00,12.56,13.73,12.56,13.73,26653
2018-10-01 07:00:00,12.96,13.73,12.96,13.41,11650
2018-10-02 07:00:00,13.69,13.73,13.37,13.37,7017
2018-10-03 07:00:00,13.25,13.41,13.16,13.29,6700
2018-10-04 07:00:00,13.37,13.37,13.04,13.37,8700
2018-10-05 07:00:00,13.29,13.33,12.96,13.21,7910
2018-10-08 07:00:00,12.96,13.16,12.64,12.84,7600
2018-10-09 07:00:00,12.92,13.0,12.88,13.0,3800
2018-10-10 07:00:00,12.96,13.08,12.8,12.84,4600
2018-10-11 07:00:00,12.96,12.96,12.15,12.15,8900
2018-10-12 07:00:00,12.35,12.56,12.15,12.56,8100
2018-10-15 07:00:00,12.56,12.56,12.15,12.48,4200
2018-10-16 07:00:00,12.15,12.52,12.15,12.48,2900
2018-10-17 07:00:00,12.15,12.4,12.15,12.4,5445
2018-10-18 07:00:00,12.4,12.48,12.27,12.27,2542
2018-10-19 07:00:00,12.27,12.27,12.15,12.27,4100
2018-10-22 07:00:00,12.31,12.31,12.23,12.23,2600
2018-10-23 07:00:00,12.23,12.23,12.11,12.11,3242
2018-10-24 07:00:00,12.15,12.27,11.34,11.34,9100
2018-10-25 07:00:00,11.59,11.95,11.54,11.75,10650
2018-10-26 07:00:00,12.11,12.52,11.75,11.75,2900
2018-10-29 07:00:00,11.75,11.95,11.59,11.95,1800
2018-10-30 07:00:00,11.95,11.95,11.59,11.59,900
2018-10-31 07:00:00,11.95,11.95,11.91,11.95,1100
2018-11-01 07:00:00,11.75,11.95,11.75,11.95,10950
2018-11-02 07:00:00,11.95,11.95,11.59,11.59,4400
2018-11-05 07:00:00,11.75,11.75,11.75,11.75,200
2018-11-06 07:00:00,12.15,12.19,11.75,11.75,425
2018-11-07 07:00:00,11.79,11.79,11.54,11.63,2125
2018-11-08 07:00:00,11.95,11.95,11.54,11.54,14200
2018-11-09 07:00:00,11.54,11.54,11.38,11.54,700
2018-11-12 07:00:00,11.5,11.5,11.5,11.5,400
2018-11-13 07:00:00,11.38,11.54,11.38,11.54,300
2018-11-14 07:00:00,11.34,11.59,11.34,11.59,4200
2018-11-15 07:00:00,11.91,11.91,11.42,11.5,1300
2018-11-16 07:00:00,11.38,11.5,11.34,11.5,1000
2018-11-19 07:00:00,11.02,11.3,10.73,11.3,1600
2018-11-20 07:00:00,11.75,11.75,11.38,11.38,3700
2018-11-21 07:00:00,11.38,11.42,11.34,11.42,1100
2018-11-22 07:00:00,11.38,11.38,11.26,11.38,1660
2018-11-23 07:00:00,10.94,11.38,10.94,11.38,1000
2018-11-26 07:00:00,11.38,11.38,11.38,11.38,125
2018-11-27 07:00:00,11.38,11.38,11.34,11.34,700
2018-11-28 07:00:00,11.3,11.3,10.61,10.86,4600
2018-11-29 07:00:00,10.94,11.3,10.94,11.3,615
2018-11-30 07:00:00,10.94,11.34,10.94,11.3,2420
2018-12-03 07:00:00,11.14,11.3,11.1,11.22,3100
2018-12-05 07:00:00,11.14,11.14,11.02,11.1,700
2018-12-06 07:00:00,10.98,10.98,10.94,10.98,1200
2018-12-07 07:00:00,10.94,10.98,10.94,10.94,5100
2018-12-10 07:00:00,10.94,11.14,10.94,11.14,1300
2018-12-12 07:00:00,10.94,11.02,10.94,10.98,7400
2018-12-13 07:00:00,11.1,11.1,10.9,10.94,2700
2018-12-14 07:00:00,10.9,10.9,10.9,10.9,1100
2018-12-17 07:00:00,10.57,10.57,10.57,10.57,500
2018-12-18 07:00:00,10.45,10.86,10.45,10.53,6800
2018-12-19 07:00:00,10.53,10.53,10.41,10.45,3500
2018-12-21 07:00:00,10.45,10.45,10.45,10.45,400
2018-12-24 07:00:00,10.13,10.17,10.13,10.13,1100
2018-12-25 07:00:00,10.13,10.13,9.84,10.05,2100
2018-12-26 07:00:00,10.13,10.13,9.72,9.96,500
2018-12-27 07:00:00,10.13,10.13,10.13,10.13,1800
2018-12-28 07:00:00,10.17,10.17,9.72,9.76,700
2019-01-02 07:00:00,9.64,9.64,9.2,9.32,8100
2019-01-03 07:00:00,9.32,9.32,9.32,9.32,7010
2019-01-04 07:00:00,9.2,9.32,9.2,9.32,1300
2019-01-07 07:00:00,9.24,9.24,8.91,8.95,5610
2019-01-09 07:00:00,9.28,9.28,9.07,9.07,600
2019-01-10 07:00:00,9.07,9.07,9.07,9.07,270
2019-01-11 07:00:00,9.07,9.07,8.91,9.03,1040
2019-01-14 07:00:00,8.71,9.11,8.55,9.11,600
2019-01-15 07:00:00,8.91,8.91,8.91,8.91,300
2019-01-16 07:00:00,9.11,9.11,8.91,8.91,1700
2019-01-17 07:00:00,8.91,9.32,8.91,9.32,5300
2019-01-18 07:00:00,9.32,9.32,9.32,9.32,1100
2019-01-21 07:00:00,9.11,9.2,9.11,9.11,2300
2019-01-22 07:00:00,8.95,8.95,8.91,8.95,3400
2019-01-23 07:00:00,8.91,8.91,8.71,8.91,1800
2019-01-24 07:00:00,8.91,8.91,8.91,8.91,1000
2019-01-25 07:00:00,8.91,9.11,8.91,9.11,3800
2019-01-28 07:00:00,8.91,8.91,8.91,8.91,1100
2019-01-29 07:00:00,8.91,8.91,8.91,8.91,400
2019-02-01 07:00:00,9.11,9.11,9.11,9.11,100
2019-02-12 07:00:00,9.15,9.32,9.15,9.24,1800
2019-02-13 07:00:00,9.24,9.24,9.24,9.24,4400
2019-02-14 07:00:00,9.24,9.24,9.24,9.24,200
2019-02-15 07:00:00,8.63,9.2,8.63,9.2,800
2019-02-18 07:00:00,8.91,9.15,8.91,9.15,6200
2019-02-19 07:00:00,9.15,9.2,9.15,9.2,407
2019-02-20 07:00:00,9.2,9.24,9.2,9.24,2000
2019-02-21 07:00:00,9.24,9.24,9.03,9.03,800
2019-02-22 07:00:00,8.91,9.11,8.91,9.11,1800
2019-02-25 07:00:00,9.24,9.24,8.99,9.03,3400
2019-02-26 07:00:00,8.99,9.24,8.99,9.2,1000
2019-02-27 07:00:00,9.24,9.24,8.79,9.2,2800
2019-02-28 07:00:00,9.2,10.09,9.2,9.64,3207
2019-03-01 07:00:00,9.64,9.64,9.64,9.64,800
2019-03-04 07:00:00,9.64,9.64,9.64,9.64,1000
2019-03-05 07:00:00,9.64,9.92,9.64,9.68,6000
2019-03-06 07:00:00,9.72,9.92,9.72,9.92,7300
2019-03-07 07:00:00,10.86,10.86,10.13,10.33,2600
2019-03-08 07:00:00,10.33,10.33,10.29,10.29,1300
2019-03-11 07:00:00,10.33,10.33,10.29,10.33,3600
2019-03-12 07:00:00,10.65,10.65,10.53,10.65,2200
2019-03-13 07:00:00,10.9,11.71,10.9,11.71,11700
2019-03-14 07:00:00,11.71,12.52,11.59,12.52,22000
2019-03-15 07:00:00,12.52,13.69,12.52,12.68,18800
2019-03-18 07:00:00,13.29,13.37,12.6,13.29,9440
2019-03-19 07:00:00,12.76,13.29,12.56,13.29,13301
2019-03-20 07:00:00,12.35,13.29,12.07,13.29,3509
2019-03-21 07:00:00,12.19,12.19,11.99,12.03,3900
2019-03-22 07:00:00,11.99,13.21,10.94,13.16,16830
2019-03-25 07:00:00,11.95,13.16,11.87,13.12,14620
2019-03-26 07:00:00,11.83,13.12,11.83,11.91,21640
2019-03-27 07:00:00,12.96,12.96,12.96,12.96,100
2019-03-28 07:00:00,12.35,12.35,11.79,12.15,2700
2019-03-29 07:00:00,12.56,12.56,10.94,12.27,11800
2019-04-01 07:00:00,11.14,12.92,11.06,11.06,8000
2019-04-02 07:00:00,11.14,11.14,10.77,10.86,7002
2019-04-03 07:00:00,10.86,10.86,10.53,10.61,4800
2019-04-04 07:00:00,10.61,10.69,10.61,10.69,1100
2019-04-05 07:00:00,11.06,11.75,11.06,11.75,2029
2019-04-08 07:00:00,10.94,12.15,10.94,11.14,5000
2019-04-09 07:00:00,11.91,11.91,11.91,11.91,100
2019-04-10 07:00:00,11.83,11.91,11.75,11.91,2100
2019-04-11 07:00:00,11.87,11.91,11.87,11.91,3000
2019-04-12 07:00:00,11.87,11.87,11.1,11.1,1100
2019-04-16 07:00:00,11.54,11.54,11.18,11.18,1200
2019-04-17 07:00:00,11.54,11.83,11.18,11.18,1100
2019-04-18 07:00:00,11.71,11.71,11.26,11.26,1800
2019-04-19 07:00:00,11.59,11.71,11.59,11.67,921
2019-04-22 07:00:00,11.18,11.67,11.14,11.63,7500
2019-04-23 07:00:00,11.34,11.34,11.34,11.34,200
2019-04-24 07:00:00,11.67,11.67,11.59,11.63,1450
2019-04-25 07:00:00,11.59,12.76,11.59,12.6,8700
2019-04-26 07:00:00,12.56,12.56,11.95,11.95,3719
2019-05-02 07:00:00,12.15,12.15,12.15,12.15,6500
2019-05-03 07:00:00,12.56,12.56,12.35,12.4,600
2019-05-06 07:00:00,12.15,12.4,12.15,12.15,11190
2019-05-07 07:00:00,12.11,12.15,12.11,12.11,2510
2019-05-08 07:00:00,11.95,11.95,11.95,11.95,100
2019-05-09 07:00:00,12.15,12.15,11.79,11.79,600
2019-05-10 07:00:00,12.15,12.15,12.15,12.15,100
2019-05-13 07:00:00,12.52,12.52,12.11,12.11,1510
2019-05-14 07:00:00,11.99,11.99,11.95,11.95,600
2019-05-15 07:00:00,12.15,12.15,12.15,12.15,100
2019-05-16 07:00:00,12.07,12.07,12.07,12.07,201
2019-05-17 07:00:00,12.03,12.03,12.03,12.03,100
2019-05-20 07:00:00,11.79,11.79,11.75,11.75,500
2019-05-21 07:00:00,12.56,12.56,12.56,12.56,100
2019-05-22 07:00:00,12.56,13.77,11.75,11.75,1200
2019-05-23 07:00:00,12.56,12.56,11.75,11.79,2600
2019-05-24 07:00:00,12.15,12.15,12.15,12.15,2500
2019-05-27 07:00:00,12.11,12.15,12.07,12.15,5000
2019-05-28 07:00:00,12.15,13.37,12.11,13.29,74920
2019-05-29 07:00:00,13.37,14.34,13.37,14.06,70440
2019-05-30 07:00:00,14.18,14.38,13.81,14.22,32010
2019-05-31 07:00:00,14.02,14.1,13.21,13.21,25620
2019-06-03 07:00:00,13.08,13.77,13.08,13.21,23400
2019-06-04 07:00:00,13.69,13.98,13.37,13.61,24600
2019-06-05 07:00:00,13.77,13.77,13.61,13.69,37600
2019-06-06 07:00:00,13.69,13.77,13.33,13.33,28300
2019-06-07 07:00:00,13.33,14.3,12.61,12.66,15180
2019-06-10 07:00:00,12.66,12.76,12.66,12.66,6500
2019-06-11 07:00:00,12.66,12.76,12.61,12.76,11860
2019-06-12 07:00:00,12.97,12.97,11.89,11.89,6400
2019-06-13 07:00:00,12.4,12.4,11.83,12.19,3500
2019-06-14 07:00:00,11.83,12.25,11.83,12.09,3100
2019-06-17 07:00:00,11.42,11.89,10.91,11.11,19190
2019-06-18 07:00:00,11.11,11.32,10.03,11.17,13400
2019-06-19 07:00:00,10.55,11.11,10.55,10.55,6700
2019-06-20 07:00:00,11.06,11.58,10.29,11.22,9300
2019-06-21 07:00:00,11.22,11.32,10.55,10.91,2700
2019-06-24 07:00:00,11.27,11.27,10.91,10.91,1100
2019-06-25 07:00:00,10.91,10.91,10.7,10.75,5870
2019-06-26 07:00:00,10.81,11.01,9.78,10.29,22100
2019-06-27 07:00:00,10.55,10.55,10.03,10.03,7400
2019-06-28 07:00:00,10.19,10.75,10.03,10.7,9540
2019-07-01 07:00:00,10.65,10.7,10.34,10.7,5659
2019-07-02 07:00:00,10.7,10.7,10.65,10.65,4300
2019-07-03 07:00:00,10.55,10.7,10.55,10.65,2641
2019-07-04 07:00:00,10.81,11.06,10.81,11.06,4400
2019-07-05 07:00:00,11.32,11.58,11.32,11.53,22110
2019-07-08 07:00:00,11.68,11.68,11.53,11.53,3700
2019-07-09 07:00:00,11.53,12.66,11.53,12.66,12800
2019-07-10 07:00:00,11.63,12.3,11.58,12.3,5125
2019-07-11 07:00:00,11.68,12.3,11.58,12.19,5010
2019-07-12 07:00:00,11.68,11.73,11.68,11.73,3210
2019-07-15 07:00:00,11.83,11.83,11.83,11.83,2900
2019-07-16 07:00:00,11.68,11.68,11.63,11.63,1400
2019-07-17 07:00:00,11.63,11.63,11.63,11.63,500
2019-07-18 07:00:00,11.58,11.58,11.42,11.42,368
2019-07-19 07:00:00,11.58,11.83,11.58,11.83,2820
2019-07-22 07:00:00,11.83,11.94,11.83,11.94,4500
2019-07-23 07:00:00,11.83,11.83,11.58,11.58,2200
2019-07-24 07:00:00,11.58,11.58,11.58,11.58,100
2019-07-25 07:00:00,11.58,11.83,11.58,11.83,7049
2019-07-26 07:00:00,11.58,11.94,11.58,11.83,1760
2019-07-29 07:00:00,11.94,11.94,11.83,11.83,4100
2019-07-30 07:00:00,11.83,11.83,11.83,11.83,8679
2019-07-31 07:00:00,11.83,11.83,11.78,11.83,1000
2019-08-01 07:00:00,11.78,11.83,11.17,11.83,3910
2019-08-02 07:00:00,11.78,11.94,11.78,11.94,5700
2019-08-05 07:00:00,11.83,12.3,11.83,12.19,10437
2019-08-06 07:00:00,11.89,11.89,11.83,11.83,600
2019-08-07 07:00:00,11.99,12.19,11.83,12.19,800
2019-08-08 07:00:00,11.89,12.19,11.89,12.19,10620
2019-08-09 07:00:00,12.19,12.3,12.19,12.25,12300
2019-08-12 07:00:00,13.38,13.38,12.3,13.07,6620
2019-08-13 07:00:00,12.35,12.76,12.09,12.09,2400
2019-08-14 07:00:00,12.09,12.09,12.09,12.09,5
2019-08-15 07:00:00,11.89,12.61,11.89,12.09,1600
2019-08-16 07:00:00,12.35,12.35,12.09,12.09,6000
2019-08-19 07:00:00,12.09,12.14,12.09,12.09,3800
2019-08-20 07:00:00,12.09,12.14,11.89,12.14,1100
2019-08-21 07:00:00,12.3,13.12,11.94,12.61,6800
2019-08-23 07:00:00,12.25,12.61,12.25,12.61,5830
2019-08-26 07:00:00,12.61,13.12,12.61,12.76,5510
2019-08-27 07:00:00,12.76,13.12,12.76,13.12,8676
2019-08-28 07:00:00,12.61,12.86,12.56,12.86,9400
2019-08-29 07:00:00,12.86,12.86,12.61,12.76,1600
2019-08-30 07:00:00,12.71,12.76,12.71,12.71,1000
2019-09-03 07:00:00,12.86,12.86,12.71,12.71,700
2019-09-04 07:00:00,12.71,12.71,12.09,12.09,4300
2019-09-05 07:00:00,12.56,12.56,12.4,12.4,300
2019-09-06 07:00:00,12.56,12.61,12.09,12.09,1700
2019-09-09 07:00:00,12.3,12.35,12.19,12.19,6700
2019-09-10 07:00:00,12.63,12.63,12.09,12.09,9901
2019-09-11 07:00:00,12.36,12.36,12.36,12.36,1600
2019-09-12 07:00:00,12.58,12.63,12.09,12.09,8600
2019-09-13 07:00:00,12.36,12.36,12.09,12.09,17400
2019-09-16 07:00:00,12.09,12.09,11.81,11.87,8200
2019-09-17 07:00:00,11.98,12.36,11.98,11.98,8500
2019-09-18 07:00:00,11.98,12.09,11.98,12.09,11100
2019-09-19 07:00:00,12.09,12.09,12.03,12.03,6600
2019-09-20 07:00:00,11.98,11.98,11.98,11.98,101
2019-09-23 07:00:00,12.09,12.09,11.98,11.98,5930
2019-09-24 07:00:00,12.09,12.09,12.09,12.09,2300
2019-09-25 07:00:00,12.09,12.09,11.92,11.98,3700
2019-09-26 07:00:00,12.09,12.09,12.09,12.09,2300
2019-09-27 07:00:00,11.98,12.03,11.81,12.03,4000
2019-09-30 07:00:00,12.03,12.03,11.7,11.7,3100
2019-10-01 07:00:00,11.76,11.81,11.7,11.7,3700
2019-10-02 07:00:00,11.7,11.7,11.54,11.54,4500
2019-10-03 07:00:00,12.09,12.09,12.09,12.09,100
2019-10-04 07:00:00,11.65,12.03,11.32,11.59,1900
2019-10-07 07:00:00,11.81,12.03,11.81,12.03,5300
2019-10-08 07:00:00,12.03,12.03,11.87,11.87,3300
2019-10-09 07:00:00,11.81,11.92,11.54,11.54,10000
2019-10-10 07:00:00,11.81,11.81,11.81,11.81,100
2019-10-11 07:00:00,11.81,11.81,11.59,11.59,1701
2019-10-14 07:00:00,11.87,11.87,11.59,11.59,7200
2019-10-15 07:00:00,12.03,12.03,11.59,11.59,10200
2019-10-16 07:00:00,11.59,11.87,11.59,11.81,800
2019-10-17 07:00:00,11.81,11.81,11.81,11.81,400
2019-10-18 07:00:00,12.09,12.09,11.54,11.65,7900
2019-10-21 07:00:00,11.92,12.09,11.92,12.09,5000
2019-10-22 07:00:00,11.98,11.98,11.65,11.65,10900
2019-10-23 07:00:00,11.7,12.09,11.7,11.7,1300
2019-10-24 07:00:00,11.7,11.7,11.7,11.7,300
2019-10-25 07:00:00,11.81,11.81,11.81,11.81,100
2019-10-28 07:00:00,11.65,11.7,11.65,11.7,1200
2019-10-29 07:00:00,11.7,11.87,11.7,11.81,4050
2019-10-30 07:00:00,11.76,11.76,11.76,11.76,100
2019-10-31 07:00:00,11.81,12.09,11.7,12.09,3300
2019-11-04 07:00:00,12.09,12.09,12.09,12.09,1100
2019-11-05 07:00:00,11.92,11.92,11.81,11.81,800
2019-11-06 07:00:00,11.81,11.81,11.81,11.81,300
2019-11-07 07:00:00,11.81,11.81,11.65,11.65,6200
2019-11-08 07:00:00,11.65,11.65,11.54,11.65,10900
2019-11-11 07:00:00,11.54,11.65,11.54,11.65,1100
2019-11-12 07:00:00,11.65,11.65,11.65,11.65,3599
2019-11-13 07:00:00,11.65,11.65,11.65,11.65,1200
2019-11-14 07:00:00,11.7,11.7,11.7,11.7,600
2019-11-15 07:00:00,11.59,11.59,11.54,11.54,1100
2019-11-18 07:00:00,11.32,11.54,11.26,11.32,7410
2019-11-19 07:00:00,11.54,11.54,11.54,11.54,2400
2019-11-20 07:00:00,11.54,11.76,11.54,11.76,2100
2019-11-21 07:00:00,11.59,11.65,11.59,11.65,700
2019-11-22 07:00:00,11.76,12.8,11.76,12.8,21600
2019-11-25 07:00:00,13.73,14.01,13.46,13.68,35120
2019-11-26 07:00:00,13.79,13.84,13.46,13.68,21600
2019-11-27 07:00:00,13.73,15.0,13.68,15.0,98895
2019-11-28 07:00:00,15.93,16.48,14.83,16.48,166827
2019-11-29 07:00:00,16.75,17.47,15.38,15.88,47158
2019-12-02 07:00:00,15.33,15.88,14.83,15.05,38200
2019-12-03 07:00:00,15.11,15.11,14.5,14.89,37500
2019-12-04 07:00:00,14.89,15.05,14.72,14.89,116344
2019-12-05 07:00:00,14.89,14.89,14.5,14.5,43810
2019-12-06 07:00:00,14.5,14.85,14.16,14.78,21540
2019-12-09 07:00:00,14.85,14.85,14.5,14.71,6910
2019-12-10 07:00:00,14.5,14.5,14.16,14.16,8800
2019-12-11 07:00:00,14.23,14.23,13.81,13.81,10400
2019-12-12 07:00:00,13.81,13.88,12.98,13.74,45934
2019-12-13 07:00:00,13.74,13.74,13.33,13.33,7800
2019-12-16 07:00:00,13.33,13.33,12.98,12.98,21100
2019-12-17 07:00:00,12.91,12.91,12.29,12.29,52040
2019-12-18 07:00:00,12.57,12.78,12.57,12.78,4340
2019-12-19 07:00:00,12.84,13.12,12.78,13.12,5000
2019-12-20 07:00:00,13.26,13.47,12.91,12.98,28041
2019-12-23 07:00:00,12.98,13.12,12.57,13.05,10929
2019-12-24 07:00:00,12.57,13.05,12.43,13.05,8400
2019-12-25 07:00:00,12.64,13.26,12.64,13.12,4548
2019-12-26 07:00:00,13.12,13.12,12.98,12.98,13200
2019-12-27 07:00:00,12.98,13.12,12.84,12.98,7700
2019-12-30 07:00:00,12.64,12.98,12.64,12.98,310
2019-12-31 07:00:00,12.98,13.26,12.91,13.26,3710
2020-01-02 07:00:00,13.26,13.26,12.78,12.84,14202
2020-01-03 07:00:00,12.84,13.12,12.84,12.98,1282
2020-01-06 07:00:00,12.98,12.98,12.98,12.98,30
2020-01-07 07:00:00,13.05,13.05,12.98,13.05,2388
2020-01-08 07:00:00,13.05,13.05,12.57,12.64,7900
2020-01-09 07:00:00,12.64,12.78,12.64,12.78,3430
2020-01-10 07:00:00,12.78,12.78,12.5,12.57,9700
2020-01-13 07:00:00,12.5,12.5,11.74,11.74,10144
2020-01-14 07:00:00,11.74,11.74,11.74,11.74,110
2020-01-15 07:00:00,11.53,11.74,11.53,11.74,2500
2020-01-16 07:00:00,11.81,11.81,11.74,11.74,2700
2020-01-17 07:00:00,11.74,11.88,11.74,11.74,1800
2020-01-20 07:00:00,11.88,11.88,11.6,11.6,8400
2020-01-21 07:00:00,11.67,11.67,11.39,11.39,9800
2020-01-22 07:00:00,11.39,11.46,11.05,11.05,13300
2020-01-30 07:00:00,11.05,11.05,10.08,10.08,3600
2020-01-31 07:00:00,11.05,11.05,9.74,10.36,17000
2020-02-03 07:00:00,9.67,10.22,9.32,9.53,9700
2020-02-04 07:00:00,9.67,10.01,9.67,9.67,2200
2020-02-05 07:00:00,10.22,10.22,9.67,9.67,2149
2020-02-06 07:00:00,9.74,9.81,9.67,9.81,8300
2020-02-07 07:00:00,9.81,9.81,9.67,9.67,2000
2020-02-10 07:00:00,9.67,9.81,9.67,9.81,2249
2020-02-11 07:00:00,9.88,9.88,9.53,9.81,11610
2020-02-12 07:00:00,10.08,10.08,9.81,9.88,4690
2020-02-13 07:00:00,9.88,9.88,9.53,9.53,14200
2020-02-14 07:00:00,9.53,9.53,9.39,9.53,600
2020-02-17 07:00:00,9.53,9.53,9.18,9.39,16800
2020-02-18 07:00:00,9.32,9.32,9.25,9.25,4500
2020-02-19 07:00:00,9.32,9.32,9.25,9.32,2700
2020-02-20 07:00:00,9.32,9.32,9.32,9.32,815
2020-02-21 07:00:00,9.32,9.32,9.25,9.25,9500
2020-02-24 07:00:00,9.25,9.25,8.98,8.98,10200
2020-02-25 07:00:00,8.98,9.32,8.98,9.05,7200
2020-02-26 07:00:00,8.77,8.91,8.77,8.91,500
2020-02-27 07:00:00,8.98,9.12,8.91,9.05,4700
2020-02-28 07:00:00,9.05,9.05,8.98,8.98,5200
2020-03-02 07:00:00,8.98,9.18,8.98,9.18,800
2020-03-03 07:00:00,9.39,9.46,9.39,9.39,3600
2020-03-04 07:00:00,9.32,9.32,9.18,9.25,900
2020-03-05 07:00:00,8.98,9.25,8.98,8.98,12800
2020-03-06 07:00:00,9.25,9.25,8.98,9.25,14200
2020-03-09 07:00:00,8.98,9.18,8.84,8.98,5300
2020-03-10 07:00:00,8.7,9.25,8.7,9.25,18400
2020-03-11 07:00:00,9.25,9.25,9.05,9.05,5600
2020-03-12 07:00:00,8.84,8.98,8.84,8.84,6800
2020-03-13 07:00:00,8.08,8.7,8.08,8.7,2300
2020-03-16 07:00:00,8.91,8.91,8.7,8.7,4400
2020-03-17 07:00:00,8.7,8.7,8.01,8.7,4710
2020-03-18 07:00:00,8.29,8.43,8.29,8.36,5200
2020-03-19 07:00:00,8.08,8.36,8.08,8.36,4300
2020-03-20 07:00:00,8.36,8.77,7.67,8.77,3920
2020-03-23 07:00:00,8.08,8.08,7.94,7.94,6800
2020-03-24 07:00:00,7.94,8.29,7.94,8.29,3900
2020-03-25 07:00:00,8.29,8.84,7.94,8.84,1410
2020-03-26 07:00:00,8.84,8.84,8.36,8.36,1520
2020-03-27 07:00:00,8.36,8.98,8.36,8.84,11660
2020-03-30 07:00:00,8.63,8.63,8.63,8.63,1100
2020-03-31 07:00:00,8.7,8.7,7.87,7.87,14050
2020-04-01 07:00:00,8.01,8.29,7.87,8.29,10130
2020-04-03 07:00:00,8.63,8.91,8.63,8.77,5300
2020-04-06 07:00:00,8.84,8.84,8.84,8.84,2410
2020-04-07 07:00:00,8.43,8.43,8.43,8.43,120
2020-04-08 07:00:00,8.91,8.91,8.91,8.91,180
2020-04-09 07:00:00,8.63,8.7,8.56,8.56,13500
2020-04-10 07:00:00,8.56,8.56,8.56,8.56,1000
2020-04-13 07:00:00,8.63,8.7,8.49,8.49,7000
2020-04-14 07:00:00,8.63,8.84,8.63,8.84,6600
2020-04-15 07:00:00,8.84,8.98,8.84,8.91,5258
2020-04-16 07:00:00,8.84,8.91,8.77,8.91,3700
2020-04-17 07:00:00,8.91,8.91,8.77,8.91,8110
2020-04-20 07:00:00,8.91,8.98,8.43,8.98,10230
2020-04-21 07:00:00,8.98,8.98,8.63,8.98,7610
2020-04-22 07:00:00,8.91,9.25,8.91,9.18,20700
2020-04-23 07:00:00,10.08,10.08,9.18,10.01,24260
2020-04-24 07:00:00,10.91,10.91,10.7,10.7,7686
2020-04-27 07:00:00,10.98,11.05,9.74,11.05,12570
2020-04-28 07:00:00,11.05,11.12,9.94,10.91,12418
2020-04-29 07:00:00,10.77,10.77,9.88,10.15,28489
2020-05-04 07:00:00,10.15,10.15,10.15,10.15,2013
2020-05-05 07:00:00,9.88,9.88,9.18,9.18,11600
2020-05-06 07:00:00,9.74,9.74,9.18,9.74,3602
2020-05-07 07:00:00,9.74,9.74,9.67,9.67,647
2020-05-08 07:00:00,9.39,9.94,9.32,9.94,9733
2020-05-11 07:00:00,9.94,10.01,9.67,9.94,18200
2020-05-12 07:00:00,9.94,9.94,9.81,9.81,3000
2020-05-13 07:00:00,9.81,9.81,9.74,9.74,2124
2020-05-14 07:00:00,9.67,9.81,9.67,9.67,13702
2020-05-15 07:00:00,10.01,10.15,9.81,10.08,13233
2020-05-18 07:00:00,10.08,10.08,10.08,10.08,305
2020-05-19 07:00:00,9.74,9.94,9.67,9.94,7002
2020-05-20 07:00:00,9.94,10.01,9.94,10.01,670
2020-05-21 07:00:00,10.15,10.15,9.94,10.08,5001
2020-05-22 07:00:00,10.01,10.01,9.74,9.74,8309
2020-05-25 07:00:00,10.01,10.01,9.74,9.74,1903
2020-05-26 07:00:00,9.88,9.88,9.74,9.81,6224
2020-05-27 07:00:00,9.88,10.01,9.81,9.81,9703
2020-05-28 07:00:00,9.81,9.88,9.81,9.81,4105
2020-05-29 07:00:00,9.81,10.01,9.81,9.81,3121
2020-06-01 07:00:00,9.81,9.81,9.74,9.81,6202
2020-06-02 07:00:00,9.81,9.94,9.81,9.94,8821
2020-06-03 07:00:00,9.74,9.81,9.32,9.81,3800
2020-06-04 07:00:00,9.81,9.88,9.81,9.88,500
2020-06-05 07:00:00,9.88,9.94,9.32,9.94,4010
2020-06-08 07:00:00,9.81,9.81,9.39,9.74,77660
2020-06-09 07:00:00,9.53,9.67,9.39,9.46,12918
2020-06-10 07:00:00,9.6,9.67,9.53,9.6,7321
2020-06-11 07:00:00,9.6,9.88,9.53,9.6,14900
2020-06-12 07:00:00,9.46,9.81,9.46,9.53,13200
2020-06-15 07:00:00,9.67,9.67,9.53,9.53,2700
2020-06-16 07:00:00,9.6,9.67,9.53,9.67,5201
2020-06-17 07:00:00,9.81,9.81,9.67,9.67,6300
2020-06-18 07:00:00,9.67,9.67,9.67,9.67,4700
2020-06-19 07:00:00,9.67,9.67,9.6,9.6,2600
2020-06-22 07:00:00,9.53,9.67,9.39,9.67,9900
2020-06-23 07:00:00,9.6,9.74,9.53,9.6,3014
2020-06-24 07:00:00,9.6,9.6,9.53,9.53,501
2020-06-25 07:00:00,9.53,9.6,9.46,9.6,19500
2020-06-26 07:00:00,9.67,9.67,9.46,9.53,5800
2020-06-29 07:00:00,9.46,9.46,8.63,8.98,115101
2020-06-30 07:00:00,8.84,8.84,8.63,8.63,7200
2020-07-01 07:00:00,8.36,8.77,8.29,8.77,3200
2020-07-02 07:00:00,8.56,8.77,8.56,8.77,8429
2020-07-03 07:00:00,8.7,8.84,8.43,8.63,5400
2020-07-06 07:00:00,8.7,8.7,8.63,8.63,1500
2020-07-07 07:00:00,8.7,8.7,8.63,8.63,10300
2020-07-08 07:00:00,8.63,8.63,8.56,8.63,13000
2020-07-09 07:00:00,8.7,8.91,8.63,8.91,34830
2020-07-10 07:00:00,8.91,9.05,8.84,8.98,11000
2020-07-13 07:00:00,8.91,8.98,8.77,8.91,4700
2020-07-14 07:00:00,8.98,8.98,8.56,8.7,9100
2020-07-15 07:00:00,8.91,8.91,8.63,8.77,10200
2020-07-16 07:00:00,8.7,8.77,8.63,8.7,13600
2020-07-17 07:00:00,8.77,8.84,8.63,8.63,6409
2020-07-20 07:00:00,8.7,8.84,8.56,8.63,27600
2020-07-21 07:00:00,8.63,8.7,8.49,8.7,7700
2020-07-22 07:00:00,8.63,8.63,8.49,8.56,15100
2020-07-23 07:00:00,8.56,8.7,8.49,8.7,9200
2020-07-24 07:00:00,8.56,8.56,8.43,8.43,12000
2020-07-27 07:00:00,8.15,8.22,7.6,7.67,38418
2020-07-28 07:00:00,7.67,8.22,7.67,8.15,12450
2020-07-29 07:00:00,8.01,8.15,8.01,8.15,15800
2020-07-30 07:00:00,8.08,8.15,8.08,8.15,9000
2020-07-31 07:00:00,8.84,8.84,8.22,8.29,6600
2020-08-03 07:00:00,8.84,9.12,8.77,8.77,3718
2020-08-04 07:00:00,8.84,8.84,8.63,8.63,22200
2020-08-05 07:00:00,8.63,8.63,8.56,8.63,1700
2020-08-06 07:00:00,8.63,8.63,8.63,8.63,5345
2020-08-07 07:00:00,8.7,8.7,8.63,8.7,2000
2020-08-10 07:00:00,8.63,8.63,8.43,8.43,2800
2020-08-11 07:00:00,8.49,8.49,8.49,8.49,1000
2020-08-12 07:00:00,8.56,8.56,8.49,8.49,1100
2020-08-13 07:00:00,8.49,8.63,8.49,8.49,10800
2020-08-14 07:00:00,8.49,8.56,8.49,8.56,4101
2020-08-17 07:00:00,8.56,8.56,8.49,8.56,4800
2020-08-18 07:00:00,8.49,8.56,8.49,8.56,2300
2020-08-19 07:00:00,8.49,8.56,8.49,8.56,7200
2020-08-20 07:00:00,8.49,9.12,8.49,8.63,2900
2020-08-21 07:00:00,8.63,8.63,8.63,8.63,20
2020-08-24 07:00:00,8.77,8.77,8.7,8.7,3636
2020-08-25 07:00:00,8.7,8.77,8.7,8.7,9211
2020-08-26 07:00:00,8.77,8.77,8.63,8.63,25000
2020-08-27 07:00:00,8.7,8.84,8.7,8.77,18510
2020-08-28 07:00:00,8.84,8.84,8.7,8.7,19309
2020-08-31 07:00:00,8.98,8.98,8.7,8.7,16520
2020-09-01 07:00:00,8.91,8.91,8.7,8.84,5510
2020-09-03 07:00:00,8.84,8.84,8.77,8.77,8400
2020-09-04 07:00:00,8.77,8.84,8.7,8.84,15000
2020-09-07 07:00:00,8.84,9.12,8.84,9.12,38299
2020-09-08 07:00:00,9.12,9.25,8.98,9.05,10520
2020-09-09 07:00:00,9.05,9.05,8.98,9.05,11500
2020-09-10 07:00:00,9.05,9.26,9.05,9.05,7900
2020-09-11 07:00:00,9.05,9.26,9.05,9.05,2009
2020-09-14 07:00:00,9.33,9.33,9.05,9.33,6809
2020-09-15 07:00:00,9.26,9.33,9.19,9.26,13100
2020-09-16 07:00:00,9.05,9.26,8.76,9.19,9400
2020-09-17 07:00:00,9.05,9.19,9.05,9.19,1620
2020-09-18 07:00:00,9.26,9.26,9.19,9.19,600
2020-09-21 07:00:00,9.19,9.19,9.12,9.12,7441
2020-09-22 07:00:00,9.12,9.12,9.05,9.12,3009
2020-09-23 07:00:00,9.12,9.12,9.05,9.12,5030
2020-09-24 07:00:00,9.12,9.12,9.05,9.12,5910
2020-09-25 07:00:00,9.12,9.19,9.05,9.19,3500
2020-09-28 07:00:00,9.12,9.19,9.12,9.19,552
2020-09-29 07:00:00,9.26,9.48,9.26,9.33,23600
2020-09-30 07:00:00,9.41,9.41,9.33,9.33,1700
2020-10-01 07:00:00,9.12,9.55,9.12,9.48,13130
2020-10-02 07:00:00,9.48,9.69,9.26,9.55,8210
2020-10-05 07:00:00,9.55,9.55,9.33,9.48,2447
2020-10-06 07:00:00,9.48,9.55,9.41,9.55,1710
2020-10-07 07:00:00,9.55,9.55,9.33,9.33,2500
2020-10-08 07:00:00,9.33,9.41,9.33,9.41,3957
2020-10-09 07:00:00,9.55,9.55,9.33,9.41,4203
2020-10-12 07:00:00,9.41,9.48,9.26,9.48,14160
2020-10-13 07:00:00,10.34,10.41,10.34,10.41,26198
2020-10-14 07:00:00,11.42,11.42,11.42,11.42,60120
2020-10-15 07:00:00,12.49,12.49,11.85,12.21,96505
2020-10-16 07:00:00,12.21,12.21,10.99,11.42,44871
2020-10-19 07:00:00,11.42,11.42,10.63,11.2,22600
2020-10-20 07:00:00,11.2,11.27,11.06,11.27,22810
2020-10-21 07:00:00,11.27,11.27,10.91,11.2,4320
2020-10-22 07:00:00,11.13,11.13,10.77,11.13,20410
2020-10-23 07:00:00,10.77,11.2,10.77,10.91,3220
2020-10-26 07:00:00,10.91,11.2,10.77,11.2,7220
2020-10-27 07:00:00,10.99,11.27,10.91,11.2,8000
2020-10-28 07:00:00,11.42,11.42,11.2,11.27,3500
2020-10-29 07:00:00,11.2,11.27,11.2,11.2,10500
2020-10-30 07:00:00,11.2,11.2,10.84,11.2,4400
2020-11-02 07:00:00,11.2,11.27,11.13,11.27,13400
2020-11-03 07:00:00,11.27,11.27,11.06,11.06,20300
2020-11-04 07:00:00,11.06,11.34,11.06,11.34,7700
2020-11-05 07:00:00,11.49,11.49,11.2,11.2,15215
2020-11-06 07:00:00,11.06,11.13,10.99,10.99,3300
2020-11-09 07:00:00,11.7,11.7,10.99,10.99,8500
2020-11-10 07:00:00,11.06,11.13,10.99,11.13,5500
2020-11-11 07:00:00,11.06,11.2,11.06,11.13,17000
2020-11-12 07:00:00,11.2,11.2,11.2,11.2,1910
2020-11-13 07:00:00,11.2,11.2,10.99,10.99,14611
2020-11-16 07:00:00,11.06,11.2,10.99,11.2,12010
2020-11-17 07:00:00,11.13,11.34,11.13,11.2,4000
2020-11-18 07:00:00,11.2,11.2,11.13,11.2,6650
2020-11-19 07:00:00,11.2,11.27,11.2,11.27,15702
2020-11-20 07:00:00,11.34,11.34,11.27,11.34,4500
2020-11-23 07:00:00,11.34,11.34,11.2,11.27,9700
2020-11-24 07:00:00,11.27,11.49,11.2,11.49,13200
2020-11-25 07:00:00,11.56,11.56,11.34,11.34,17800
2020-11-26 07:00:00,11.63,11.63,11.34,11.56,26200
2020-11-27 07:00:00,11.56,11.63,11.56,11.56,3500
2020-11-30 07:00:00,11.56,11.92,11.56,11.92,21115
2020-12-01 07:00:00,11.92,12.92,11.92,12.85,32210
2020-12-02 07:00:00,12.85,12.92,12.85,12.92,20600
2020-12-03 07:00:00,12.92,12.92,12.21,12.78,13500
2020-12-04 07:00:00,12.78,12.78,11.77,12.56,23929
2020-12-07 07:00:00,11.49,12.71,11.49,12.71,8090
2020-12-08 07:00:00,12.56,12.78,12.35,12.71,4440
2020-12-09 07:00:00,12.71,12.71,12.42,12.42,10730
2020-12-10 07:00:00,12.42,12.42,12.42,12.42,1012
2020-12-11 07:00:00,11.92,12.49,11.92,12.49,11320
2020-12-14 07:00:00,12.56,12.64,12.56,12.64,5215
2020-12-15 07:00:00,12.56,12.71,12.56,12.64,10300
2020-12-16 07:00:00,12.64,13.14,12.64,12.78,14700
2020-12-17 07:00:00,12.78,13.35,12.78,13.35,50848
2020-12-18 07:00:00,13.35,13.64,13.35,13.64,49735
2020-12-21 07:00:00,13.64,13.64,13.28,13.64,14204
2020-12-22 07:00:00,13.71,13.93,13.64,13.86,10840
2020-12-23 07:00:00,13.86,15.08,13.86,14.5,28360
2020-12-24 07:00:00,13.71,14.36,13.43,14.36,12041
2020-12-25 07:00:00,14.36,14.43,14.29,14.43,13196
2020-12-28 07:00:00,14.36,15.01,14.36,14.93,15720
2020-12-29 07:00:00,15.01,15.8,15.01,15.8,63500
2020-12-30 07:00:00,16.23,16.87,16.01,16.66,9913
2020-12-31 07:00:00,15.94,16.44,15.94,16.37,3042
2021-01-04 07:00:00,16.37,16.37,15.58,16.37,28030
2021-01-05 07:00:00,16.44,16.44,15.8,16.37,5050
2021-01-06 07:00:00,16.37,16.44,16.37,16.37,27380
2021-01-07 07:00:00,16.08,16.51,16.08,16.51,10600
2021-01-08 07:00:00,16.66,16.87,16.44,16.66,38863
2021-01-11 07:00:00,16.73,16.73,16.3,16.3,15027
2021-01-12 07:00:00,16.66,16.66,16.15,16.3,14301
2021-01-13 07:00:00,16.3,16.3,16.15,16.3,6300
2021-01-14 07:00:00,16.3,16.3,16.15,16.15,12142
2021-01-15 07:00:00,16.44,16.44,16.15,16.37,4700
2021-01-18 07:00:00,16.23,16.37,16.15,16.23,10410
2021-01-19 07:00:00,16.37,16.37,14.65,15.08,70060
2021-01-20 07:00:00,14.93,15.08,14.5,14.93,52100
2021-01-21 07:00:00,15.08,15.08,14.93,15.01,9410
2021-01-22 07:00:00,15.01,15.01,14.65,14.72,26800
2021-01-25 07:00:00,14.43,14.43,13.86,14.07,25810
2021-01-26 07:00:00,14.07,14.07,14.0,14.0,8435
2021-01-27 07:00:00,13.64,13.93,12.92,13.93,12700
2021-01-28 07:00:00,12.64,12.92,12.64,12.64,9500
2021-01-29 07:00:00,11.49,13.71,11.49,13.71,2800
2021-02-01 07:00:00,14.29,14.29,13.79,14.07,400
2021-02-02 07:00:00,13.0,14.0,13.0,14.0,6300
2021-02-03 07:00:00,13.64,14.36,13.35,14.22,2100
2021-02-05 07:00:00,13.79,14.14,13.43,13.43,3800
2021-02-08 07:00:00,14.07,14.07,13.35,13.64,17380
2021-02-09 07:00:00,13.43,13.93,13.43,13.93,800
2021-02-17 07:00:00,13.93,14.0,13.71,14.0,2900
2021-02-18 07:00:00,13.79,14.0,13.64,14.0,18300
2021-02-19 07:00:00,13.79,13.79,13.79,13.79,1025
2021-02-22 07:00:00,14.0,14.0,14.0,14.0,100
2021-02-24 07:00:00,13.79,14.0,13.79,13.79,8100
2021-02-26 07:00:00,13.79,14.0,13.79,13.86,2800
2021-03-01 07:00:00,14.5,14.5,14.43,14.43,2800
2021-03-02 07:00:00,14.93,14.93,14.0,14.0,1700
2021-03-03 07:00:00,14.14,14.14,13.79,14.14,15200
2021-03-04 07:00:00,14.14,14.14,14.0,14.0,14300
2021-03-05 07:00:00,14.0,14.0,13.79,14.0,8600
2021-03-08 07:00:00,14.36,14.36,14.0,14.0,17800
2021-03-09 07:00:00,14.0,14.0,13.86,14.0,13100
2021-03-10 07:00:00,14.0,14.0,14.0,14.0,7200
2021-03-11 07:00:00,14.0,14.0,14.0,14.0,6920
2021-03-12 07:00:00,14.07,14.07,13.93,13.93,6300
2021-03-15 07:00:00,14.0,14.0,13.93,13.93,2200
2021-03-16 07:00:00,13.79,13.93,13.71,13.93,9030
2021-03-17 07:00:00,13.93,13.93,13.93,13.93,11800
2021-03-18 07:00:00,13.93,13.93,13.86,13.86,13700
2021-03-19 07:00:00,14.0,14.0,13.86,13.86,13305
2021-03-22 07:00:00,13.86,13.93,13.86,13.86,2463
2021-03-23 07:00:00,13.86,13.86,13.71,13.71,12000
2021-03-24 07:00:00,13.64,13.93,13.07,13.86,26800
2021-03-25 07:00:00,13.57,13.79,12.78,13.79,35120
2021-03-26 07:00:00,13.28,13.28,12.92,13.28,6400
2021-03-29 07:00:00,13.35,13.35,13.28,13.28,18500
2021-03-30 07:00:00,13.28,13.28,13.28,13.28,11700
2021-03-31 07:00:00,13.21,13.35,13.21,13.35,3400
2021-04-01 07:00:00,13.43,13.5,13.43,13.5,9100
2021-04-02 07:00:00,13.5,14.0,13.5,13.64,5500
2021-04-05 07:00:00,13.35,13.93,13.35,13.64,7720
2021-04-06 07:00:00,13.64,13.64,13.64,13.64,4300
2021-04-07 07:00:00,13.57,13.57,13.5,13.57,2500
2021-04-08 07:00:00,13.57,13.64,13.57,13.64,2200
2021-04-09 07:00:00,13.64,13.71,13.64,13.64,5404
2021-04-12 07:00:00,13.64,13.71,13.43,13.71,9751
2021-04-13 07:00:00,13.5,13.64,13.5,13.5,1900
2021-04-14 07:00:00,13.5,13.64,13.35,13.64,2404
2021-04-15 07:00:00,13.64,13.79,13.64,13.64,19743
2021-04-16 07:00:00,13.64,13.64,13.64,13.64,320
2021-04-19 07:00:00,13.35,13.64,13.35,13.64,1900
2021-04-20 07:00:00,13.64,13.64,13.28,13.28,14600
2021-04-22 07:00:00,13.28,13.28,12.49,12.49,5305
2021-04-23 07:00:00,13.57,13.57,12.56,12.56,1400
2021-04-26 07:00:00,12.64,12.64,12.49,12.49,1020
2021-04-27 07:00:00,12.92,12.92,12.92,12.92,200
2021-04-28 07:00:00,12.28,12.92,12.28,12.92,1400
2021-04-29 07:00:00,12.28,12.28,12.28,12.28,700
2021-05-04 07:00:00,12.35,12.35,12.28,12.35,2500
2021-05-05 07:00:00,12.35,12.35,12.28,12.35,7000
2021-05-07 07:00:00,12.35,12.35,12.35,12.35,3600
2021-05-10 07:00:00,12.35,12.35,12.35,12.35,100
2021-05-11 07:00:00,12.28,12.35,12.28,12.28,4400
2021-05-13 07:00:00,12.35,12.35,12.35,12.35,400
2021-05-14 07:00:00,12.21,12.28,12.21,12.28,1612
2021-05-17 07:00:00,12.35,12.35,12.35,12.35,105
2021-05-18 07:00:00,12.35,12.35,12.35,12.35,301
2021-05-19 07:00:00,12.28,12.28,12.21,12.28,1100
2021-05-20 07:00:00,12.28,12.28,12.28,12.28,5
2021-05-21 07:00:00,12.28,12.28,12.28,12.28,600
2021-05-25 07:00:00,11.85,12.28,11.85,12.28,2800
2021-05-27 07:00:00,12.21,12.21,12.21,12.21,100
2021-05-28 07:00:00,12.21,12.35,12.21,12.35,605
2021-05-31 07:00:00,12.13,12.56,12.13,12.56,8200
2021-06-02 07:00:00,12.56,12.56,12.56,12.56,10
2021-06-03 07:00:00,12.56,12.64,12.56,12.64,3400
2021-06-04 07:00:00,12.64,12.85,12.56,12.85,2700
2021-06-07 07:00:00,13.93,13.93,12.21,13.28,2858
2021-06-11 07:00:00,13.14,14.36,13.14,13.64,61301
2021-06-14 07:00:00,12.92,14.0,12.92,14.0,500
2021-06-15 07:00:00,13.0,14.0,12.92,12.92,7300
2021-06-16 07:00:00,13.93,13.93,13.93,13.93,200
2021-06-17 07:00:00,13.93,13.93,13.93,13.93,1
2021-06-18 07:00:00,12.85,13.28,12.85,13.28,1300
2021-06-21 07:00:00,13.28,13.28,12.35,12.92,40000
2021-06-22 07:00:00,12.92,13.14,12.92,13.14,390
2021-06-24 07:00:00,13.14,13.14,13.14,13.14,1000
2021-06-25 07:00:00,13.14,13.14,13.14,13.14,11
2021-06-28 07:00:00,12.71,13.28,12.71,13.28,1500
2021-06-29 07:00:00,12.92,12.92,12.92,12.92,5500
2021-06-30 07:00:00,12.92,12.92,12.71,12.92,5500
2021-07-01 07:00:00,12.92,12.92,12.92,12.92,500
2021-07-02 07:00:00,12.92,12.92,12.78,12.78,4500
2021-07-05 07:00:00,12.78,12.92,12.78,12.92,6000
2021-07-06 07:00:00,12.85,12.85,12.85,12.85,100
2021-07-07 07:00:00,12.28,12.71,12.28,12.71,1400
2021-07-09 07:00:00,12.64,12.71,12.21,12.56,6700
2021-07-12 07:00:00,12.56,12.56,12.21,12.49,5900
2021-07-13 07:00:00,13.5,13.64,12.28,12.56,4100
2021-07-14 07:00:00,12.92,12.92,12.92,12.92,100
2021-07-15 07:00:00,12.54,12.54,12.54,12.54,200
2021-07-16 07:00:00,13.53,13.53,13.53,13.53,100
2021-07-19 07:00:00,12.24,13.38,12.24,13.0,6030
2021-07-20 07:00:00,12.92,12.92,12.24,12.24,2100
2021-07-21 07:00:00,11.63,12.92,11.63,12.92,800
2021-07-22 07:00:00,12.85,12.85,12.54,12.77,2200
2021-07-23 07:00:00,12.16,12.7,12.16,12.7,8100
2021-07-26 07:00:00,12.16,12.16,12.16,12.16,1469
2021-07-27 07:00:00,12.47,12.47,12.47,12.47,140
2021-07-29 07:00:00,12.47,12.47,12.47,12.47,1040
2021-07-30 07:00:00,12.39,12.85,12.32,12.85,2420
2021-08-04 07:00:00,12.77,12.77,12.47,12.47,2600
2021-08-05 07:00:00,12.7,12.7,12.7,12.7,200
2021-08-06 07:00:00,12.16,12.54,12.16,12.24,2300
2021-08-09 07:00:00,12.24,12.54,12.24,12.54,1410
2021-08-10 07:00:00,12.54,12.54,12.47,12.47,1800
2021-08-11 07:00:00,12.62,12.62,12.47,12.47,900
2021-08-12 07:00:00,12.77,12.77,12.54,12.62,5600
2021-08-13 07:00:00,12.62,12.77,12.32,12.77,1700
2021-08-16 07:00:00,12.7,12.7,12.7,12.7,1000
2021-08-17 07:00:00,12.54,12.7,12.54,12.62,1800
2021-08-18 07:00:00,12.39,12.62,12.39,12.39,2700
2021-08-19 07:00:00,12.39,12.7,12.39,12.7,700
2021-08-20 07:00:00,12.54,12.54,12.39,12.39,4400
2021-08-23 07:00:00,12.54,12.54,12.54,12.54,3000
2021-08-24 07:00:00,12.39,12.54,12.39,12.54,5300
2021-08-25 07:00:00,12.54,12.54,12.47,12.47,1810
2021-08-26 07:00:00,12.47,12.47,12.47,12.47,1700
2021-08-27 07:00:00,12.32,12.54,12.32,12.54,2100
2021-08-30 07:00:00,12.47,12.54,12.47,12.54,3300
2021-08-31 07:00:00,12.54,12.62,12.54,12.62,720
2021-09-01 07:00:00,12.54,12.62,12.54,12.62,1430
2021-09-06 07:00:00,12.16,12.54,12.16,12.54,520
2021-09-07 07:00:00,12.54,12.54,12.39,12.47,21804
2021-09-08 07:00:00,13.23,13.23,12.62,12.62,2100
2021-09-09 07:00:00,12.54,12.62,12.47,12.47,2900
2021-09-13 07:00:00,12.62,12.85,12.54,12.85,10100
2021-09-14 07:00:00,13.91,13.91,13.3,13.3,7678
2021-09-15 07:00:00,13.38,13.38,13.38,13.38,7000
2021-09-16 07:00:00,13.08,13.08,12.54,12.77,1900
2021-09-17 07:00:00,12.77,12.77,12.62,12.77,10200
2021-09-20 07:00:00,12.77,13.08,12.7,12.7,8800
2021-09-21 07:00:00,12.7,13.08,12.54,13.08,7000
2021-09-22 07:00:00,13.3,13.3,12.7,12.77,29804
2021-09-23 07:00:00,12.77,12.77,12.77,12.77,1004
2021-09-24 07:00:00,12.62,12.85,12.62,12.85,9516
2021-09-27 07:00:00,12.62,12.62,12.39,12.39,9600
2021-09-28 07:00:00,12.32,12.77,12.24,12.77,1310
2021-09-29 07:00:00,12.77,12.77,12.77,12.77,103
2021-09-30 07:00:00,12.7,12.92,12.62,12.92,2400
2021-10-01 07:00:00,12.85,12.85,12.85,12.85,1000
2021-10-04 07:00:00,12.7,12.7,12.54,12.62,3017
2021-10-05 07:00:00,12.77,12.85,12.62,12.62,2502
2021-10-06 07:00:00,12.54,12.7,12.39,12.7,1129
2021-10-07 07:00:00,12.85,12.85,12.47,12.85,2500
2021-10-08 07:00:00,12.54,12.85,12.54,12.85,21400
2021-10-11 07:00:00,12.92,13.0,12.92,13.0,30620
2021-10-12 07:00:00,13.15,13.15,12.77,12.85,11900
2021-10-13 07:00:00,12.92,12.92,12.77,12.77,12300
2021-10-14 07:00:00,12.92,13.0,12.7,12.77,2000
2021-10-15 07:00:00,12.77,12.77,12.54,12.54,5500
2021-10-18 07:00:00,12.62,12.62,12.54,12.62,2109
2021-10-19 07:00:00,12.62,12.62,12.62,12.62,10
2021-10-20 07:00:00,12.7,12.7,12.62,12.62,12200
2021-10-21 07:00:00,12.62,12.62,12.54,12.62,11300
2021-10-22 07:00:00,12.85,12.92,12.62,12.62,14647
2021-10-25 07:00:00,13.0,13.0,12.62,13.0,4404
2021-10-26 07:00:00,12.85,12.85,12.62,12.85,15700
2021-10-27 07:00:00,12.85,12.85,12.62,12.77,24000
2021-10-28 07:00:00,12.85,12.85,12.77,12.85,8400
2021-10-29 07:00:00,12.85,12.85,12.77,12.77,900
2021-11-01 07:00:00,12.7,12.92,12.62,12.92,15500
2021-11-02 07:00:00,12.85,12.85,12.7,12.85,8135
2021-11-03 07:00:00,12.92,13.0,12.77,12.77,19801
2021-11-04 07:00:00,12.92,13.0,12.85,13.0,2800
2021-11-05 07:00:00,13.0,13.08,12.92,13.08,9000
2021-11-08 07:00:00,12.92,13.15,12.92,13.0,11400
2021-11-09 07:00:00,13.08,13.08,12.92,13.08,18768
2021-11-10 07:00:00,13.15,13.15,13.08,13.08,4400
2021-11-11 07:00:00,13.08,13.23,13.08,13.23,21105
2021-11-12 07:00:00,13.3,13.3,13.15,13.3,3900
2021-11-15 07:00:00,13.38,13.46,13.38,13.38,12400
2021-11-16 07:00:00,13.53,13.53,13.38,13.53,4700
2021-11-17 07:00:00,13.46,13.61,13.38,13.46,5810
2021-11-18 07:00:00,13.46,13.46,13.15,13.46,23300
2021-11-19 07:00:00,13.46,13.53,13.08,13.46,17814
2021-11-22 07:00:00,13.53,13.68,13.46,13.46,13900
2021-11-23 07:00:00,12.92,13.53,12.85,13.53,1609
2021-11-24 07:00:00,13.53,13.53,13.0,13.0,5600
2021-11-25 07:00:00,13.0,13.3,13.0,13.3,2220
2021-11-26 07:00:00,13.08,13.08,13.08,13.08,300
2021-11-29 07:00:00,12.62,13.3,12.54,13.08,8100
2021-11-30 07:00:00,12.77,13.08,12.77,12.85,12900
2021-12-01 07:00:00,12.77,12.92,12.77,12.92,6000
2021-12-02 07:00:00,13.08,13.15,12.92,13.15,14700
2021-12-03 07:00:00,13.15,13.15,12.85,12.85,7500
2021-12-06 07:00:00,12.77,13.08,12.77,12.92,19820
2021-12-07 07:00:00,12.92,13.0,12.92,13.0,18704
2021-12-08 07:00:00,13.08,13.08,12.92,13.0,8000
2021-12-09 07:00:00,13.0,13.08,12.92,13.08,7200
2021-12-10 07:00:00,12.92,13.08,12.92,13.08,7900
2021-12-13 07:00:00,13.08,13.3,13.0,13.3,6310
2021-12-14 07:00:00,13.3,13.3,13.15,13.15,1000
2021-12-15 07:00:00,13.08,13.15,13.08,13.08,1500
2021-12-16 07:00:00,13.08,13.08,13.08,13.08,100
2021-12-17 07:00:00,13.08,13.08,13.08,13.08,400
2021-12-20 07:00:00,12.16,13.23,12.16,12.92,5705
2021-12-21 07:00:00,13.0,13.15,13.0,13.15,6100
2021-12-22 07:00:00,13.3,13.68,13.3,13.3,6318
2021-12-23 07:00:00,12.7,13.3,12.7,13.3,600
2021-12-24 07:00:00,13.3,13.3,13.23,13.23,2300
2021-12-27 07:00:00,13.08,13.08,13.08,13.08,2500
2021-12-28 07:00:00,12.92,12.92,12.54,12.54,29100
2021-12-29 07:00:00,12.7,13.3,12.7,13.3,400
2021-12-30 07:00:00,13.3,13.3,13.3,13.3,100
2021-12-31 07:00:00,13.23,13.23,13.15,13.15,2200
2022-01-04 07:00:00,13.15,13.15,12.92,12.92,2200
2022-01-05 07:00:00,13.0,13.0,12.77,12.92,4400
2022-01-06 07:00:00,12.92,13.0,12.77,12.92,11800
2022-01-07 07:00:00,13.0,13.0,12.77,12.92,11200
2022-01-10 07:00:00,12.62,12.85,12.54,12.85,12000
2022-01-11 07:00:00,12.62,12.85,12.62,12.85,3900
2022-01-12 07:00:00,12.54,12.85,12.54,12.77,1800
2022-01-13 07:00:00,12.62,12.7,12.62,12.7,9734
2022-01-14 07:00:00,12.7,12.7,12.62,12.62,4800
2022-01-17 07:00:00,12.62,12.62,12.54,12.54,4200
2022-01-18 07:00:00,12.47,12.54,12.39,12.54,1200
2022-01-19 07:00:00,12.54,12.62,12.54,12.62,3000
2022-01-20 07:00:00,12.62,12.62,12.62,12.62,5400
2022-01-21 07:00:00,12.62,12.62,12.62,12.62,600
2022-01-24 07:00:00,12.54,12.54,12.47,12.47,2000
2022-01-26 07:00:00,12.47,12.47,12.47,12.47,400
2022-01-27 07:00:00,12.39,12.39,12.16,12.32,2200
2022-01-28 07:00:00,12.39,12.39,12.16,12.16,900
2022-02-07 07:00:00,12.16,12.92,12.16,12.92,1600
2022-02-08 07:00:00,12.92,12.92,12.92,12.92,300
2022-02-09 07:00:00,12.54,12.54,12.54,12.54,300
2022-02-11 07:00:00,12.54,12.54,12.54,12.54,1300
2022-02-14 07:00:00,12.54,12.77,12.54,12.77,3000
2022-02-15 07:00:00,12.54,12.54,12.54,12.54,1900
2022-02-16 07:00:00,12.54,12.54,12.54,12.54,1100
2022-02-17 07:00:00,12.54,12.62,12.54,12.62,800
2022-02-18 07:00:00,12.7,12.77,12.62,12.62,2600
2022-02-21 07:00:00,12.39,12.39,12.39,12.39,100
2022-02-22 07:00:00,12.47,12.47,12.47,12.47,200
2022-02-23 07:00:00,12.92,13.68,12.85,13.68,13800
2022-02-24 07:00:00,13.68,13.68,12.54,12.54,1100
2022-02-25 07:00:00,12.92,13.3,12.92,13.3,1700
2022-02-28 07:00:00,13.3,13.3,13.23,13.3,600
2022-03-01 07:00:00,12.62,12.62,12.62,12.62,5300
2022-03-02 07:00:00,12.85,12.92,12.85,12.92,3800
2022-03-03 07:00:00,12.92,12.92,12.92,12.92,5400
2022-03-04 07:00:00,12.85,12.85,12.85,12.85,300
2022-03-07 07:00:00,12.7,12.92,12.7,12.92,1900
2022-03-08 07:00:00,12.62,12.62,12.54,12.54,3600
2022-03-09 07:00:00,12.62,12.62,12.16,12.16,6800
2022-03-10 07:00:00,12.92,12.92,12.92,12.92,176
2022-03-11 07:00:00,12.85,12.92,12.85,12.92,5700
2022-03-14 07:00:00,12.24,12.85,12.24,12.85,700
2022-03-15 07:00:00,12.39,12.85,12.39,12.85,1100
2022-03-16 07:00:00,12.85,12.85,12.85,12.85,1000
2022-03-17 07:00:00,12.85,12.85,12.85,12.85,1000
2022-03-18 07:00:00,12.85,12.85,12.54,12.54,6318
2022-03-21 07:00:00,12.54,12.54,12.54,12.54,11100
2022-03-22 07:00:00,12.54,12.62,12.54,12.62,2100
2022-03-23 07:00:00,12.62,12.92,12.62,12.7,12000
2022-03-24 07:00:00,12.7,12.85,12.7,12.85,1600
2022-03-25 07:00:00,12.85,13.0,12.85,13.0,300
2022-03-28 07:00:00,12.54,12.62,12.54,12.62,1200
2022-03-29 07:00:00,12.62,12.85,12.62,12.62,3400
2022-03-30 07:00:00,12.77,12.92,12.77,12.77,1922
2022-03-31 07:00:00,12.77,12.77,12.77,12.77,700
2022-04-01 07:00:00,13.15,13.15,12.92,12.92,400
2022-04-04 07:00:00,12.92,12.92,12.85,12.85,1100
2022-04-05 07:00:00,12.85,12.85,12.85,12.85,1600
2022-04-06 07:00:00,13.23,13.23,12.92,12.92,2600
2022-04-07 07:00:00,12.92,12.92,12.54,12.54,3500
2022-04-12 07:00:00,12.62,12.62,12.54,12.54,4000
2022-04-13 07:00:00,12.54,12.54,12.54,12.54,615
2022-04-14 07:00:00,12.7,12.7,12.7,12.7,150
2022-04-15 07:00:00,12.85,12.85,12.77,12.85,2530
2022-04-18 07:00:00,12.77,12.85,12.77,12.77,600
2022-04-19 07:00:00,12.77,12.77,12.77,12.77,330
2022-04-20 07:00:00,12.54,12.54,12.47,12.47,2100
2022-04-21 07:00:00,12.62,12.62,12.62,12.62,130
2022-04-22 07:00:00,12.62,12.62,12.62,12.62,45
2022-04-25 07:00:00,12.62,12.62,12.47,12.54,3300
2022-04-26 07:00:00,12.47,12.47,12.32,12.47,1600
2022-04-27 07:00:00,12.47,12.47,12.47,12.47,506
2022-04-28 07:00:00,12.47,12.47,12.47,12.47,500
2022-04-29 07:00:00,12.54,12.54,12.47,12.54,2900
2022-05-04 07:00:00,12.54,12.54,12.54,12.54,900
2022-05-06 07:00:00,11.71,11.71,11.71,11.71,700
2022-05-09 07:00:00,11.4,11.56,11.4,11.4,2300
2022-05-10 07:00:00,11.4,11.78,11.4,11.71,4100
2022-05-11 07:00:00,11.71,11.71,11.71,11.71,3200
2022-05-12 07:00:00,11.86,11.86,11.4,11.4,3700
2022-05-13 07:00:00,11.02,11.4,11.02,11.4,1400
2022-05-16 07:00:00,11.4,11.4,11.4,11.4,100
2022-05-17 07:00:00,11.4,11.4,11.4,11.4,400
2022-05-18 07:00:00,11.4,11.4,11.4,11.4,2000
2022-05-19 07:00:00,11.1,11.1,11.1,11.1,1400
2022-05-20 07:00:00,11.18,11.18,11.1,11.1,2000
2022-05-24 07:00:00,11.1,11.18,11.1,11.18,700
2022-05-25 07:00:00,11.02,11.02,10.57,11.02,12100
2022-05-26 07:00:00,11.02,11.02,11.02,11.02,8400
2022-05-27 07:00:00,11.02,11.1,11.02,11.1,1300
2022-05-30 07:00:00,11.1,11.18,11.1,11.18,2000
2022-05-31 07:00:00,11.48,11.48,11.48,11.48,100
2022-06-02 07:00:00,11.02,11.02,11.02,11.02,2800
2022-06-03 07:00:00,11.02,11.02,11.02,11.02,7700
2022-06-06 07:00:00,11.02,11.18,11.02,11.18,1500
2022-06-07 07:00:00,10.95,11.18,10.8,11.18,1100
2022-06-08 07:00:00,11.02,11.25,11.02,11.25,12301
2022-06-10 07:00:00,11.1,11.25,11.1,11.25,10700
2022-06-13 07:00:00,10.8,10.8,10.8,10.8,100
2022-06-14 07:00:00,11.25,11.4,11.25,11.4,1319
2022-06-17 07:00:00,10.64,11.1,10.64,11.1,2000
2022-06-20 07:00:00,11.1,11.1,11.1,11.1,9
2022-06-21 07:00:00,11.33,11.33,11.33,11.33,600
2022-06-22 07:00:00,10.41,11.25,10.41,11.25,700
2022-06-23 07:00:00,11.25,11.25,11.25,11.25,19
2022-06-24 07:00:00,11.25,11.25,11.25,11.25,409
2022-06-28 07:00:00,11.25,11.25,11.25,11.25,100
2022-06-29 07:00:00,11.18,11.18,11.18,11.18,100
2022-06-30 07:00:00,11.02,11.02,10.72,11.02,1709
2022-07-04 07:00:00,10.95,10.95,10.64,10.64,2100
2022-07-05 07:00:00,11.02,11.02,11.02,11.02,100
2022-07-06 07:00:00,10.87,11.02,10.87,11.02,1900
2022-07-07 07:00:00,10.95,10.95,10.95,10.95,100
2022-07-08 07:00:00,10.87,10.87,10.87,10.87,700
2022-07-11 07:00:00,10.87,11.02,10.87,11.02,400
2022-07-12 07:00:00,11.02,11.02,11.02,11.02,1000
2022-07-14 07:00:00,11.18,11.18,11.18,11.18,100
2022-07-15 07:00:00,11.18,11.18,11.18,11.18,80
2022-07-18 07:00:00,10.26,11.25,10.26,11.25,1200
2022-07-19 07:00:00,11.25,11.63,11.25,11.25,9000
2022-07-20 07:00:00,11.4,11.4,11.25,11.25,2100
2022-07-21 07:00:00,11.25,11.4,11.25,11.4,4100
2022-07-22 07:00:00,11.4,11.56,11.4,11.48,5200
2022-07-25 07:00:00,11.4,11.4,11.33,11.4,10600
2022-07-26 07:00:00,11.4,11.4,11.25,11.25,3000
2022-07-29 07:00:00,11.33,11.33,11.25,11.25,11500
2022-08-01 07:00:00,12.01,12.01,12.01,12.01,100
2022-08-02 07:00:00,12.77,12.77,12.77,12.77,100
2022-08-03 07:00:00,11.78,12.54,11.78,12.54,208
2022-08-04 07:00:00,12.54,12.54,12.16,12.16,600
2022-08-05 07:00:00,12.16,12.47,12.16,12.16,11000
2022-08-08 07:00:00,12.16,12.16,12.09,12.09,1100
2022-08-09 07:00:00,11.18,12.09,11.18,12.09,400
2022-08-10 07:00:00,12.09,12.09,12.01,12.09,1200
2022-08-11 07:00:00,12.09,12.16,12.09,12.09,6000
2022-08-12 07:00:00,12.09,12.54,12.09,12.54,9900
2022-08-15 07:00:00,12.54,12.54,12.16,12.39,6300
2022-08-16 07:00:00,12.16,12.16,12.16,12.16,3900
2022-08-17 07:00:00,12.24,12.39,12.24,12.39,5500
2022-08-19 07:00:00,12.39,12.54,12.39,12.54,4400
2022-08-22 07:00:00,12.54,12.85,12.47,12.85,9700
2022-08-23 07:00:00,12.77,12.77,12.7,12.77,15400
2022-08-24 07:00:00,12.77,13.08,12.77,13.08,4600
2022-08-25 07:00:00,12.85,13.46,12.85,13.46,12300
2022-08-26 07:00:00,12.97,13.29,12.97,13.29,1300
2022-08-29 07:00:00,12.25,12.41,12.25,12.41,1100
2022-08-31 07:00:00,13.46,13.46,12.41,12.49,5300
2022-09-05 07:00:00,12.25,12.41,12.25,12.33,5000
2022-09-06 07:00:00,12.33,12.33,12.33,12.33,1100
2022-09-07 07:00:00,12.25,12.25,12.25,12.25,200
2022-09-09 07:00:00,12.25,12.25,12.17,12.17,200
2022-09-12 07:00:00,12.25,12.25,12.25,12.25,1100
2022-09-14 07:00:00,11.92,12.49,11.92,12.49,3200
2022-09-15 07:00:00,12.49,12.49,12.49,12.49,34917
2022-09-16 07:00:00,12.49,12.49,12.49,12.49,74
2022-09-20 07:00:00,12.17,12.17,12.17,12.17,500
2022-09-22 07:00:00,12.17,12.17,12.17,12.17,200
2022-09-26 07:00:00,12.17,12.89,12.17,12.57,18600
2022-09-29 07:00:00,12.57,12.57,12.57,12.57,5
2022-09-30 07:00:00,12.57,12.57,12.57,12.57,2800
2022-10-03 07:00:00,12.57,12.57,12.57,12.57,911
2022-10-04 07:00:00,12.57,12.57,12.09,12.49,5100
2022-10-05 07:00:00,12.49,12.49,12.49,12.49,1500
2022-10-06 07:00:00,12.17,12.49,12.09,12.49,800
2022-10-07 07:00:00,12.09,12.49,12.09,12.49,2300
2022-10-10 07:00:00,12.17,12.49,12.17,12.49,700
2022-10-11 07:00:00,12.89,12.89,12.89,12.89,100
2022-10-13 07:00:00,12.81,12.81,12.73,12.73,600
2022-10-14 07:00:00,12.73,12.73,12.65,12.73,3500
2022-10-17 07:00:00,12.89,12.89,12.81,12.89,10300
2022-10-18 07:00:00,12.89,12.89,12.89,12.89,7400
2022-10-19 07:00:00,12.89,12.89,12.89,12.89,1600
2022-10-20 07:00:00,12.89,12.89,12.89,12.89,100
2022-10-21 07:00:00,12.89,12.89,12.89,12.89,900
2022-10-24 07:00:00,12.57,12.57,12.57,12.57,2300
2022-10-25 07:00:00,12.49,12.49,12.49,12.49,700
2022-10-26 07:00:00,12.57,12.57,12.57,12.57,2500
2022-10-27 07:00:00,12.49,12.57,12.09,12.09,9600
2022-10-28 07:00:00,11.76,13.21,11.76,13.21,303
2022-10-31 07:00:00,12.89,12.89,12.89,12.89,5050
2022-11-02 07:00:00,12.89,12.89,12.89,12.89,600
2022-11-04 07:00:00,12.89,12.89,12.65,12.65,1200
2022-11-07 07:00:00,12.65,12.65,12.65,12.65,528
2022-11-08 07:00:00,12.57,12.65,12.57,12.65,4000
2022-11-10 07:00:00,12.09,12.49,12.09,12.49,400
2022-11-11 07:00:00,12.49,12.49,12.49,12.49,2000
2022-11-14 07:00:00,12.09,12.09,12.09,12.09,140
2022-11-16 07:00:00,12.09,12.09,11.28,11.92,4400
2022-11-17 07:00:00,12.09,12.09,11.28,12.01,9000
2022-11-21 07:00:00,12.41,12.41,12.09,12.09,2000
2022-11-22 07:00:00,11.84,12.01,11.76,12.01,2134
2022-11-23 07:00:00,12.01,12.01,12.01,12.01,500
2022-11-24 07:00:00,12.01,12.01,12.01,12.01,1000
2022-11-28 07:00:00,12.01,12.01,12.01,12.01,1400
2022-11-29 07:00:00,12.01,12.01,12.01,12.01,500
2022-11-30 07:00:00,11.76,11.76,11.52,11.6,4100
2022-12-01 07:00:00,12.01,12.01,11.68,12.01,5600
2022-12-02 07:00:00,12.01,12.01,12.01,12.01,300
2022-12-05 07:00:00,12.01,12.25,11.92,12.01,8300
2022-12-06 07:00:00,12.09,12.09,12.01,12.01,1500
2022-12-07 07:00:00,11.92,11.92,11.92,11.92,700
2022-12-08 07:00:00,11.92,12.01,11.92,12.01,1200
2022-12-09 07:00:00,12.01,12.01,12.01,12.01,2015
2022-12-12 07:00:00,12.09,12.09,12.09,12.09,2005
2022-12-14 07:00:00,12.25,12.25,12.25,12.25,1600
2022-12-15 07:00:00,12.49,12.49,12.09,12.49,2400
2022-12-20 07:00:00,12.09,12.09,12.09,12.09,1100
2022-12-21 07:00:00,12.09,12.09,12.09,12.09,500
2022-12-22 07:00:00,12.09,12.17,12.09,12.09,2500
2022-12-23 07:00:00,12.17,12.17,12.09,12.09,2000
2022-12-29 07:00:00,12.17,12.17,12.09,12.09,3400
2022-12-30 07:00:00,11.92,11.92,11.92,11.92,200
2023-01-03 07:00:00,11.92,11.92,11.92,11.92,200
2023-01-04 07:00:00,11.92,12.09,11.92,12.09,500
2023-01-06 07:00:00,12.17,12.17,12.17,12.17,300
2023-01-10 07:00:00,12.49,12.73,12.49,12.73,8000
2023-01-11 07:00:00,12.89,13.38,12.89,13.38,4100
2023-01-12 07:00:00,13.38,13.38,13.38,13.38,3000
2023-01-13 07:00:00,13.29,13.29,13.29,13.29,3000
2023-01-16 07:00:00,13.29,13.29,13.21,13.21,2000
2023-01-30 07:00:00,13.21,13.21,12.89,12.89,5600
2023-01-31 07:00:00,13.21,13.21,12.49,12.49,200
2023-02-02 07:00:00,12.65,12.65,12.65,12.65,5500
2023-02-03 07:00:00,12.65,12.73,12.65,12.65,900
2023-02-06 07:00:00,12.65,12.97,12.65,12.97,3100
2023-02-08 07:00:00,12.97,12.97,12.97,12.97,600
2023-02-10 07:00:00,13.62,13.62,13.29,13.29,1100
2023-02-14 07:00:00,12.89,12.89,12.89,12.89,2200
2023-02-15 07:00:00,12.89,12.89,12.65,12.65,1100
2023-02-16 07:00:00,12.73,12.73,12.65,12.65,7800
2023-02-17 07:00:00,12.89,12.89,12.89,12.89,400
2023-02-20 07:00:00,12.89,12.89,12.89,12.89,400
2023-02-27 07:00:00,12.89,12.89,12.89,12.89,1200
2023-03-01 07:00:00,12.89,12.89,12.89,12.89,1500
2023-03-02 07:00:00,12.89,12.89,12.89,12.89,700
2023-03-03 07:00:00,12.89,12.89,12.89,12.89,1100
2023-03-06 07:00:00,12.89,12.89,12.89,12.89,1000
2023-03-08 07:00:00,12.89,12.89,12.89,12.89,10
2023-03-09 07:00:00,12.89,12.89,12.89,12.89,200
2023-03-10 07:00:00,12.89,12.89,12.89,12.89,200
2023-03-17 07:00:00,12.73,12.97,12.73,12.97,200
2023-03-22 07:00:00,13.05,13.05,12.65,12.65,4000
2023-03-23 07:00:00,12.57,12.57,12.57,12.57,100
2023-03-24 07:00:00,12.89,13.29,12.89,13.21,400
2023-03-31 07:00:00,12.17,12.17,12.17,12.17,1000
2023-04-03 07:00:00,12.25,12.25,12.25,12.25,1100
2023-04-05 07:00:00,12.89,12.89,12.89,12.89,100
2023-04-07 07:00:00,12.89,12.89,12.89,12.89,300
2023-04-10 07:00:00,12.89,12.89,12.89,12.89,85
2023-04-12 07:00:00,13.05,13.05,12.89,12.97,801
2023-04-13 07:00:00,12.97,12.97,12.97,12.97,17
2023-04-17 07:00:00,12.09,12.09,12.09,12.09,100
2023-04-18 07:00:00,12.57,12.57,12.57,12.57,1000
2023-04-21 07:00:00,12.65,12.65,12.65,12.65,100
2023-04-24 07:00:00,12.89,13.13,12.89,12.89,12300
2023-05-04 07:00:00,13.13,13.13,13.13,13.13,100
2023-05-05 07:00:00,12.33,12.33,12.33,12.33,500
2023-05-11 07:00:00,12.57,12.57,12.49,12.49,2100
2023-05-12 07:00:00,12.41,12.41,12.41,12.41,400
2023-05-16 07:00:00,12.49,13.13,12.09,12.09,5700
2023-05-18 07:00:00,12.49,12.49,12.49,12.49,1700
2023-05-19 07:00:00,12.49,12.49,12.49,12.49,100
2023-05-22 07:00:00,12.49,12.49,12.49,12.49,4000
2023-05-23 07:00:00,12.73,12.73,12.49,12.49,900
2023-05-26 07:00:00,12.49,12.49,12.49,12.49,800
2023-05-29 07:00:00,12.17,12.17,12.17,12.17,100
2023-05-31 07:00:00,12.49,12.49,12.49,12.49,13300
2023-06-01 07:00:00,12.49,12.57,12.49,12.57,12600
2023-06-02 07:00:00,12.57,12.57,12.57,12.57,1000
2023-06-05 07:00:00,12.57,13.78,12.57,13.78,20700
2023-06-06 07:00:00,13.78,14.58,13.78,14.5,10100
2023-06-07 07:00:00,14.42,14.99,14.42,14.99,23200
2023-06-08 07:00:00,14.99,16.11,14.5,16.11,21100
2023-06-09 07:00:00,15.31,15.31,15.31,15.31,100
2023-06-12 07:00:00,15.47,15.47,13.78,15.47,24200
2023-06-13 07:00:00,15.47,15.47,15.47,15.47,200
2023-06-14 07:00:00,14.1,14.1,13.94,13.94,800
2023-06-15 07:00:00,12.89,12.89,12.57,12.89,12000
2023-06-16 07:00:00,12.73,14.18,12.73,14.18,22600
2023-06-19 07:00:00,14.5,15.55,14.18,14.18,11300
2023-06-20 07:00:00,14.1,14.5,14.1,14.18,7300
2023-06-21 07:00:00,14.5,14.5,14.18,14.18,12100
2023-06-22 07:00:00,14.26,14.26,14.18,14.18,31800
2023-06-23 07:00:00,14.18,14.18,14.18,14.18,16200
2023-06-26 07:00:00,14.18,14.18,14.18,14.18,2900
2023-06-27 07:00:00,14.18,14.18,14.18,14.18,2000
2023-06-28 07:00:00,13.7,14.5,13.7,14.5,13400
2023-06-29 07:00:00,14.18,14.58,13.7,13.7,40500
2023-07-03 07:00:00,13.7,13.7,13.7,13.7,3500
2023-07-05 07:00:00,13.7,14.1,13.7,13.86,3100
2023-07-10 07:00:00,13.7,13.7,13.7,13.7,5000
2023-07-11 07:00:00,13.7,14.5,13.7,13.86,5400
2023-07-12 07:00:00,15.23,15.23,13.7,13.7,900
2023-07-13 07:00:00,14.66,14.83,14.66,14.83,2300
2023-07-17 07:00:00,14.5,14.5,14.5,14.5,1000
2023-07-18 07:00:00,14.58,14.66,14.5,14.5,7800
2023-07-19 07:00:00,14.1,14.18,14.1,14.1,1500
2023-07-20 07:00:00,14.1,14.1,14.1,14.1,23300
2023-07-24 07:00:00,14.1,14.34,14.1,14.34,8000
2023-07-25 07:00:00,14.26,14.5,14.26,14.5,7100
2023-07-26 07:00:00,14.5,14.5,14.18,14.18,3200
2023-07-27 07:00:00,14.5,14.5,14.18,14.5,23400
2023-07-31 07:00:00,14.5,14.5,14.5,14.5,1000
2023-08-02 07:00:00,14.5,14.5,14.5,14.5,14500
2023-08-03 07:00:00,14.5,14.5,14.5,14.5,900
2023-08-08 07:00:00,14.18,14.18,14.18,14.18,900
2023-08-09 07:00:00,14.5,14.58,14.5,14.5,11200
2023-08-11 07:00:00,14.1,14.1,14.1,14.1,1000
2023-08-15 07:00:00,14.18,14.18,14.18,14.18,2600
2023-08-16 07:00:00,14.5,14.5,14.5,14.5,300
2023-08-17 07:00:00,14.5,14.5,14.5,14.5,5500
2023-08-18 07:00:00,14.42,14.42,14.34,14.34,1900
2023-08-21 07:00:00,14.34,14.34,14.34,14.34,1000
2023-08-22 07:00:00,14.34,14.34,14.34,14.34,100
2023-08-24 07:00:00,14.34,14.34,14.34,14.34,3000
2023-08-28 07:00:00,14.34,14.34,14.34,14.34,1
2023-08-29 07:00:00,14.34,14.34,14.34,14.34,26900
2023-08-30 07:00:00,15.15,15.15,15.15,15.15,102
2023-08-31 07:00:00,15.15,15.31,15.15,15.31,3500
2023-09-05 07:00:00,15.31,15.31,15.31,15.31,1200
2023-09-06 07:00:00,15.07,15.07,14.5,14.5,200
2023-09-07 07:00:00,14.91,14.91,14.5,14.5,1500
2023-09-08 07:00:00,14.66,14.66,14.58,14.58,1100
2023-09-11 07:00:00,14.66,15.55,14.58,15.39,5205
2023-09-14 07:00:00,13.93,15.48,13.93,15.3,800
2023-09-15 07:00:00,15.3,15.3,15.3,15.3,300
2023-09-21 07:00:00,15.3,15.3,15.3,15.3,100
2023-09-22 07:00:00,14.62,15.3,14.62,15.3,5000
2023-09-25 07:00:00,15.48,15.48,15.05,15.05,200
2023-09-27 07:00:00,15.05,15.05,15.05,15.05,2005
2023-09-28 07:00:00,15.05,15.3,15.05,15.3,73400
2023-10-03 07:00:00,15.3,15.3,15.3,15.3,2000
2023-10-04 07:00:00,15.48,15.48,15.05,15.05,80400
2023-10-06 07:00:00,15.3,15.3,15.3,15.3,200
2023-10-09 07:00:00,15.3,15.3,15.3,15.3,10
2023-10-12 07:00:00,15.3,15.3,15.3,15.3,1000
2023-10-16 07:00:00,15.3,15.3,15.3,15.3,600
2023-10-18 07:00:00,15.3,15.3,15.3,15.3,1100
2023-10-19 07:00:00,15.3,15.3,15.3,15.3,800
2023-10-20 07:00:00,15.3,15.3,15.3,15.3,1500
2023-10-24 07:00:00,15.3,15.3,15.3,15.3,1
2023-10-26 07:00:00,15.3,15.3,15.05,15.05,16200
2023-11-03 07:00:00,14.62,14.62,14.53,14.53,500
2023-11-06 07:00:00,14.62,15.91,14.62,15.91,1500
2023-11-07 07:00:00,14.62,14.62,14.53,14.53,800
2023-11-15 07:00:00,14.53,15.48,14.44,15.48,300
2023-11-21 07:00:00,14.53,14.53,14.53,14.53,100
2023-11-24 07:00:00,14.53,14.53,14.53,14.53,100
2023-11-29 07:00:00,15.39,15.39,15.39,15.39,100
2023-11-30 07:00:00,15.39,15.39,15.39,15.39,2
2023-12-19 07:00:00,15.48,15.48,15.48,15.48,300
2024-01-09 07:00:00,15.05,15.05,15.05,15.05,300
2024-01-10 07:00:00,14.62,14.62,14.19,14.36,2200
2024-01-11 07:00:00,14.1,14.1,14.1,14.1,4000
2024-01-16 07:00:00,13.76,13.76,13.76,13.76,200
2024-01-17 07:00:00,13.76,13.76,12.38,12.38,11700
2024-01-23 07:00:00,12.9,12.9,12.9,12.9,1100
2024-01-25 07:00:00,12.9,12.9,12.9,12.9,2100
2024-01-30 07:00:00,12.9,12.9,12.9,12.9,10000
2024-02-02 07:00:00,12.9,12.9,12.9,12.9,6400
2024-02-06 07:00:00,12.9,12.9,12.9,12.9,200
2024-02-07 07:00:00,12.47,12.47,12.47,12.47,300
2024-02-15 07:00:00,12.9,12.9,12.9,12.9,200
2024-02-27 07:00:00,13.76,13.76,13.76,13.76,100
2024-03-05 07:00:00,13.58,13.58,12.81,12.81,500
2024-03-11 07:00:00,12.81,12.81,12.81,12.81,3301
2024-03-12 07:00:00,12.9,12.9,12.9,12.9,1600
2024-03-15 07:00:00,13.15,13.15,13.15,13.15,2400
2024-03-20 07:00:00,13.58,13.58,13.58,13.58,324
2024-03-21 07:00:00,14.87,14.87,14.87,14.87,370
2024-03-22 07:00:00,14.44,14.62,14.44,14.62,890
2024-03-26 07:00:00,13.84,13.84,13.84,13.84,600
2024-03-27 07:00:00,13.84,13.84,13.84,13.84,5
2024-04-01 07:00:00,13.84,13.84,13.84,13.84,2
2024-04-03 07:00:00,13.93,13.93,13.93,13.93,101
2024-04-05 07:00:00,13.93,13.93,13.93,13.93,70
2024-04-09 07:00:00,13.76,13.76,13.33,13.33,200
2024-04-11 07:00:00,13.33,13.33,13.33,13.33,1
2024-04-12 07:00:00,13.33,13.33,13.33,13.33,1
2024-04-15 07:00:00,13.76,13.76,13.76,13.76,4170
2024-04-16 07:00:00,13.76,13.93,13.76,13.93,2500
2024-04-24 07:00:00,13.93,13.93,13.93,13.93,100
2024-04-26 07:00:00,14.01,14.01,14.01,14.01,300
2024-05-02 07:00:00,14.01,14.01,14.01,14.01,105
2024-05-03 07:00:00,12.9,12.9,12.9,12.9,100
2024-05-08 07:00:00,12.9,12.9,12.9,12.9,700
2024-05-09 07:00:00,12.9,12.9,12.9,12.9,10
2024-05-10 07:00:00,12.9,12.9,12.9,12.9,205
2024-05-17 07:00:00,12.9,12.9,12.9,12.9,100
2024-05-23 07:00:00,13.33,13.33,13.33,13.33,1000
2024-05-24 07:00:00,13.33,13.33,13.33,13.33,402
2024-05-27 07:00:00,12.98,12.98,12.98,12.98,100
2024-05-28 07:00:00,13.84,13.93,13.84,13.93,1902
2024-05-31 07:00:00,13.76,13.76,13.76,13.76,400
2024-06-04 07:00:00,12.38,13.93,12.38,13.93,500
2024-06-05 07:00:00,13.41,13.41,13.41,13.41,1000
2024-06-06 07:00:00,14.44,14.44,13.93,13.93,1117
2024-06-12 07:00:00,13.58,13.58,13.58,13.58,1000
2024-06-17 07:00:00,13.76,13.76,13.76,13.76,600
2024-06-18 07:00:00,12.98,12.98,12.98,12.98,100
2024-06-19 07:00:00,12.38,12.38,12.38,12.38,200
2024-06-21 07:00:00,13.58,13.58,13.58,13.58,300
2024-06-27 07:00:00,12.9,12.9,12.9,12.9,100
2024-07-01 07:00:00,12.9,13.24,12.9,13.24,1100
2024-07-04 07:00:00,13.24,13.24,13.24,13.24,100
2024-07-16 07:00:00,13.24,13.24,13.24,13.24,100
2024-07-17 07:00:00,13.24,13.24,12.9,12.9,900
2024-07-24 07:00:00,12.9,12.9,12.47,12.47,1500
2024-07-25 07:00:00,12.47,12.47,11.78,11.78,4000
2024-07-26 07:00:00,11.86,12.21,11.86,12.21,2000
2024-07-29 07:00:00,13.41,13.41,13.41,13.41,100
2024-07-30 07:00:00,14.62,14.62,13.41,13.41,1301
2024-07-31 07:00:00,14.7,14.7,14.7,14.7,100
2024-08-01 07:00:00,13.24,13.24,13.24,13.24,600
2024-08-02 07:00:00,13.76,13.76,12.29,12.29,200
2024-08-05 07:00:00,12.47,12.47,12.47,12.47,600
2024-08-06 07:00:00,12.9,12.9,12.9,12.9,100
2024-08-07 07:00:00,12.12,12.12,12.12,12.12,100
2024-08-12 07:00:00,13.24,13.33,13.24,13.33,2200
2024-08-13 07:00:00,13.33,13.33,13.33,13.33,100
2024-08-15 07:00:00,13.33,13.33,13.33,13.33,400
2024-08-16 07:00:00,13.33,13.33,13.33,13.33,300
2024-08-20 07:00:00,13.5,13.5,13.5,13.5,100
2024-08-21 07:00:00,14.53,14.53,14.19,14.19,3300
2024-08-22 07:00:00,14.19,14.36,14.1,14.36,6630
2024-08-23 07:00:00,14.19,14.36,14.19,14.36,2200
2024-08-26 07:00:00,14.36,14.62,14.27,14.62,501
2024-08-27 07:00:00,14.7,14.7,14.7,14.7,100
2024-08-28 07:00:00,14.87,14.87,14.87,14.87,101
2024-08-29 07:00:00,14.87,14.87,14.53,14.53,519
2024-08-30 07:00:00,15.91,15.91,14.53,14.53,1200
2024-09-04 07:00:00,15.73,15.73,14.34,14.81,5600
2024-09-05 07:00:00,14.81,14.81,14.81,14.81,27
2024-09-11 07:00:00,13.6,13.6,13.6,13.6,715
2024-09-12 07:00:00,13.6,13.6,13.6,13.6,101
2024-09-13 07:00:00,13.6,13.6,13.6,13.6,200
2024-09-17 07:00:00,14.07,14.07,14.07,14.07,500
2024-09-19 07:00:00,14.16,14.16,14.16,14.16,519
2024-09-20 07:00:00,14.16,14.16,14.16,14.16,700
2024-09-23 07:00:00,13.88,13.88,13.88,13.88,200
2024-09-25 07:00:00,13.88,13.88,13.88,13.88,104
2024-09-26 07:00:00,13.88,13.88,13.88,13.88,1400
2024-09-27 07:00:00,13.88,13.88,13.88,13.88,12002
2024-10-01 07:00:00,12.96,12.96,12.96,12.96,100
2024-10-14 07:00:00,13.23,13.23,13.23,13.23,100
2024-10-16 07:00:00,13.23,13.23,13.23,13.23,1
2024-10-21 07:00:00,14.16,14.53,14.16,14.53,401
2024-10-22 07:00:00,15.92,15.92,15.92,15.92,100
2024-10-23 07:00:00,15.27,15.27,15.27,15.27,5026
2024-10-24 07:00:00,15.27,15.27,15.27,15.27,400
2024-10-25 07:00:00,15.27,15.27,15.27,15.27,3
2024-10-30 07:00:00,15.27,15.27,15.27,15.27,100
2024-11-07 07:00:00,15.27,15.27,15.27,15.27,11
2024-11-11 07:00:00,14.81,14.81,14.81,14.81,200
2024-11-12 07:00:00,13.88,13.88,13.88,13.88,102
2024-11-13 07:00:00,14.34,14.34,14.34,14.34,200
2024-11-15 07:00:00,13.88,15.27,13.88,15.27,7300
2024-11-18 07:00:00,15.27,15.27,15.27,15.27,200
2024-11-25 07:00:00,13.88,14.71,13.79,14.71,300
2024-11-26 07:00:00,13.88,14.99,13.88,14.71,1200
2024-12-03 07:00:00,13.97,14.71,13.97,14.71,2900
2024-12-04 07:00:00,14.71,14.9,13.51,14.9,600
2024-12-12 07:00:00,14.9,14.9,14.9,14.9,300
2024-12-16 07:00:00,13.7,15.09,13.7,15.09,300
2024-12-17 07:00:00,14.07,15.09,14.07,15.09,300
2024-12-20 07:00:00,13.97,15.09,13.97,15.09,800
2024-12-25 07:00:00,13.7,14.81,13.7,14.81,1000
2025-01-06 07:00:00,15.18,15.18,15.18,15.18,700
2025-01-15 07:00:00,13.79,14.81,13.79,14.81,900
2025-01-21 07:00:00,15.92,15.92,15.92,15.92,100
2025-01-23 07:00:00,15.27,15.27,15.27,15.27,200
2025-02-04 07:00:00,15.55,15.55,15.55,15.55,100
2025-02-12 07:00:00,14.81,14.81,14.25,14.25,1000
2025-02-13 07:00:00,14.71,14.71,14.71,14.71,100
2025-02-18 07:00:00,13.88,13.97,13.88,13.88,10100
2025-02-19 07:00:00,13.42,13.88,13.42,13.88,25500
2025-02-21 07:00:00,13.88,14.44,13.88,14.25,5100
2025-02-24 07:00:00,14.53,14.53,14.53,14.53,100
2025-02-25 07:00:00,15.36,15.36,14.53,14.53,1100
2025-02-27 07:00:00,14.07,14.07,14.07,14.07,222
2025-02-28 07:00:00,14.25,14.25,14.25,14.25,100
2025-03-04 07:00:00,13.6,14.07,13.6,14.07,1157
2025-03-05 07:00:00,14.07,14.07,14.07,14.07,100
2025-03-06 07:00:00,14.07,14.07,14.07,14.07,127
2025-03-07 07:00:00,13.88,14.16,13.88,14.16,8000
2025-03-10 07:00:00,14.16,14.71,13.42,14.34,1101
2025-03-11 07:00:00,14.34,14.34,14.34,14.34,6
2025-03-14 07:00:00,14.25,14.25,14.25,14.25,100
2025-03-18 07:00:00,14.25,14.62,14.25,14.62,200
2025-03-19 07:00:00,13.88,14.81,13.88,14.81,3000
2025-03-21 07:00:00,14.81,14.81,14.81,14.81,6500
2025-03-24 07:00:00,13.51,13.51,13.51,13.51,100
2025-03-25 07:00:00,13.88,13.88,13.79,13.88,6500
2025-03-28 07:00:00,13.88,13.97,13.88,13.88,2223
2025-04-02 07:00:00,14.25,14.34,14.25,14.34,2250
2025-04-09 07:00:00,14.99,14.99,14.81,14.81,1700
2025-04-10 07:00:00,14.81,14.81,14.81,14.81,200
2025-04-14 07:00:00,13.88,13.88,13.88,13.88,500
2025-04-17 07:00:00,12.96,12.96,12.96,12.96,100
2025-04-21 07:00:00,12.86,12.86,12.86,12.86,200
2025-04-22 07:00:00,13.88,13.88,13.88,13.88,400
2025-04-24 07:00:00,13.88,13.88,13.88,13.88,200
2025-04-25 07:00:00,13.88,13.88,13.88,13.88,100
2025-04-28 07:00:00,13.88,13.88,13.88,13.88,300
2025-04-29 07:00:00,13.88,13.88,13.88,13.88,100
2025-05-13 07:00:00,13.88,13.88,13.88,13.88,500
2025-05-15 07:00:00,13.88,13.88,13.88,13.88,400
2025-05-20 07:00:00,13.88,13.88,13.88,13.88,100
2025-05-29 07:00:00,13.79,13.79,13.79,13.79,100
2025-06-03 07:00:00,13.79,14.62,13.79,14.62,600
2025-06-13 07:00:00,14.99,14.99,14.99,14.99,100
2025-06-23 07:00:00,13.7,13.7,13.7,13.7,100
2025-06-26 07:00:00,13.88,13.88,13.88,13.88,100
2025-06-30 07:00:00,13.88,13.88,13.88,13.88,1300
2025-07-04 07:00:00,13.88,13.88,13.88,13.88,200
2025-07-08 07:00:00,13.14,13.14,12.96,12.96,700
2025-07-09 07:00:00,14.25,14.25,14.25,14.25,7500
2025-07-10 07:00:00,15.18,15.55,14.81,14.81,700
2025-07-16 07:00:00,14.16,14.25,14.16,14.25,2000
2025-07-17 07:00:00,14.25,14.34,14.25,14.25,3900
2025-07-18 07:00:00,14.34,14.34,14.34,14.34,1100
2025-07-21 07:00:00,14.25,15.27,14.25,14.34,4200
2025-07-22 07:00:00,14.34,14.34,14.34,14.34,100
2025-07-23 07:00:00,14.34,14.34,14.34,14.34,1000
2025-07-28 07:00:00,14.25,14.25,14.25,14.25,200
2025-07-29 07:00:00,14.25,14.62,14.25,14.62,300
2025-07-30 07:00:00,14.34,14.34,14.34,14.34,400
2025-07-31 07:00:00,14.62,14.62,14.34,14.34,500
2025-08-01 07:00:00,14.62,14.62,14.62,14.62,100
2025-08-05 07:00:00,14.25,14.25,13.42,13.51,4000
2025-08-06 07:00:00,13.79,14.81,13.79,14.44,1800
2025-08-07 07:00:00,14.34,14.53,14.34,14.53,1100
2025-08-08 07:00:00,14.62,14.62,14.62,14.62,2000
2025-08-11 07:00:00,14.81,14.81,14.71,14.81,5700
2025-08-12 07:00:00,14.81,14.81,14.34,14.44,2900
2025-08-13 07:00:00,14.71,14.81,14.25,14.81,9000
2025-08-14 07:00:00,14.9,15.09,14.81,14.9,11600
2025-08-15 07:00:00,16.1,16.1,14.6,15.7,6500
2025-08-19 07:00:00,15.3,15.3,14.2,15.0,5500
2025-08-20 07:00:00,14.5,14.5,14.5,14.5,500
2025-08-21 07:00:00,14.8,14.8,14.5,14.5,200
2025-08-22 07:00:00,14.5,14.9,14.5,14.9,300
2025-08-25 07:00:00,14.3,14.3,14.3,14.3,1000
2025-08-26 07:00:00,14.3,14.3,14.3,14.3,700
2025-08-27 07:00:00,14.5,14.5,14.5,14.5,1000
2025-08-29 07:00:00,13.9,14.2,13.9,14.0,2500
2025-09-03 07:00:00,13.5,14.2,13.5,14.2,600
2025-09-04 07:00:00,14.2,14.3,14.2,14.3,800
2025-09-05 07:00:00,14.3,14.7,14.3,14.4,4400
2025-09-08 07:00:00,14.5,14.5,14.5,14.5,2000
2025-09-09 07:00:00,14.4,14.4,14.4,14.4,1400
2025-09-11 07:00:00,14.4,14.4,14.4,14.4,300
2025-09-16 07:00:00,14.4,14.4,14.4,14.4,1100
2025-09-18 07:00:00,14.6,14.8,14.6,14.6,5500
2025-09-23 07:00:00,14.6,14.6,13.5,13.5,1100
2025-09-25 07:00:00,14.8,14.8,14.2,14.2,400
2025-09-26 07:00:00,14.1,14.1,14.1,14.1,700
2025-09-29 07:00:00,14.6,14.6,14.6,14.6,1700
2025-10-01 07:00:00,14.6,14.7,14.6,14.7,500
2025-10-02 07:00:00,14.7,14.7,14.6,14.7,900
2025-10-03 07:00:00,14.4,14.4,14.3,14.3,2700
2025-10-13 07:00:00,14.3,14.3,14.3,14.3,300
2025-10-15 07:00:00,13.6,13.6,13.6,13.6,100
2025-10-17 07:00:00,14.4,14.8,14.4,14.5,800
2025-10-20 07:00:00,14.5,14.5,14.5,14.5,2100
2025-10-21 07:00:00,14.5,14.5,14.5,14.5,100
2025-10-22 07:00:00,13.6,13.6,13.5,13.5,500
2025-10-23 07:00:00,13.6,13.6,13.6,13.6,100
2025-10-27 07:00:00,13.6,14.2,13.6,14.2,3900
2025-10-28 07:00:00,14.2,14.2,14.2,14.2,1400
2025-10-31 07:00:00,14.4,14.4,14.4,14.4,100
2025-11-04 07:00:00,14.4,14.4,14.4,14.4,100
2025-11-05 07:00:00,14.0,14.0,14.0,14.0,100
2025-11-06 07:00:00,14.4,14.4,14.4,14.4,100
2025-11-07 07:00:00,14.4,14.4,14.4,14.4,200
2025-11-17 07:00:00,14.4,14.4,14.4,14.4,500
2025-11-18 07:00:00,14.4,14.4,14.4,14.4,3400
2025-11-20 07:00:00,14.5,14.5,14.5,14.5,100
2025-11-21 07:00:00,13.6,13.6,13.6,13.6,300
2025-11-25 07:00:00,13.8,13.8,13.8,13.8,100
2025-11-27 07:00:00,15.0,15.0,14.5,14.5,200
2025-12-04 07:00:00,15.3,15.3,15.0,15.0,9100
2025-12-09 07:00:00,13.7,14.8,13.7,14.8,400
2025-12-16 07:00:00,13.9,13.9,13.7,13.7,4000
2025-12-19 07:00:00,13.8,13.8,13.8,13.8,100
2025-12-22 07:00:00,14.0,14.0,14.0,14.0,2000
2025-12-26 07:00:00,14.5,14.5,14.5,14.5,200
2026-01-12 07:00:00,14.2,14.2,13.8,13.8,600
2026-01-14 07:00:00,13.9,13.9,13.9,13.9,100
2026-01-15 07:00:00,14.9,14.9,14.9,14.9,200
2026-01-19 07:00:00,14.9,15.4,14.9,15.4,400
2026-01-23 07:00:00,13.9,14.1,13.9,14.1,400
2026-01-29 07:00:00,13.7,13.7,13.0,13.0,600
2026-01-30 07:00:00,14.3,14.3,14.3,14.3,100
2026-02-03 07:00:00,14.3,14.3,14.3,14.3,800
2026-02-10 07:00:00,14.3,14.3,14.3,14.3,200
2026-02-25 07:00:00,14.3,14.3,14.3,14.3,500
2026-02-27 07:00:00,14.4,14.4,14.4,14.4,100
2026-03-09 07:00:00,13.4,13.4,13.4,13.4,100
2026-03-10 07:00:00,14.7,14.7,13.6,13.6,4700
2026-03-18 07:00:00,14.5,14.6,14.5,14.6,200
2026-03-25 07:00:00,14.6,15.0,14.6,15.0,600
2026-03-31 07:00:00,14.4,14.4,14.4,14.4,1000
2026-04-01 07:00:00,14.7,14.7,14.7,14.7,3000
2026-04-03 07:00:00,14.7,14.7,14.7,14.7,500
2026-04-06 07:00:00,14.0,14.0,13.8,13.8,6200
2026-04-08 07:00:00,13.9,13.9,13.9,13.9,100
2026-04-13 07:00:00,13.9,13.9,13.7,13.7,2400
2026-04-15 07:00:00,14.3,14.4,14.0,14.0,3200
2026-04-17 07:00:00,13.8,13.8,13.8,13.8,100
2026-04-20 07:00:00,13.9,14.8,13.9,14.8,600
2026-04-28 07:00:00,13.7,13.7,13.7,13.7,100
2026-05-04 07:00:00,14.6,14.6,14.6,14.6,100
2026-05-05 07:00:00,13.9,14.8,13.9,14.8,3500
2026-05-06 07:00:00,13.9,13.9,13.9,13.9,100
2026-05-07 07:00:00,14.0,14.0,14.0,14.0,100
2026-05-21 07:00:00,13.9,13.9,13.8,13.8,700
2026-05-22 07:00:00,13.7,13.7,13.3,13.3,1700
2026-05-26 07:00:00,14.3,14.3,14.3,14.3,100
2026-05-27 07:00:00,14.1,14.1,14.1,14.1,300
